Id,ModuleId,ItemId,UserId,CreatedDate,EditedUserId,EditedDate,CommentText
291,27,100313,89,2017-10-30 10:43:02.807,NULL,NULL,test test
293,27,100382,93,2017-11-02 15:24:37.040,NULL,NULL,"Has bad exp, lost some money on FX, willing to try again, friday to talk about fav products and strategies for trading "
294,27,100399,93,2017-11-03 10:01:46.600,NULL,NULL,"making 20 000 Taka ( bangladesh money ) a month, 240 $ , father has money, to talk with him 01712007291 "
295,27,105066,93,2017-11-13 08:46:22.093,NULL,NULL,no answer
296,27,100408,93,2017-11-13 08:47:10.847,NULL,NULL,no answer
297,27,100559,90,2017-11-13 10:01:45.043,NULL,NULL,na
298,27,100413,90,2017-11-13 10:11:38.247,NULL,NULL,"25 y.o works part time and he earns R2000 every month small amount in is account "
299,27,100412,90,2017-11-13 10:18:06.767,NULL,NULL,Bad line h/u called back no answer
300,27,105063,90,2017-11-13 10:20:14.033,NULL,NULL,"sayin something in french "
301,27,105107,93,2017-11-13 10:24:32.143,NULL,NULL,"no english, only hurdu"
302,27,100393,90,2017-11-13 10:28:47.790,90,2017-11-14 07:09:04.823,"new to trade ask how much was the minimum and want a call back "
303,27,105107,93,2017-11-13 10:29:27.053,NULL,NULL,"no english, only hurdu"
304,27,105051,90,2017-11-13 10:30:09.553,NULL,NULL,vm
305,27,105050,90,2017-11-13 10:32:12.820,NULL,NULL,na
306,27,100405,93,2017-11-13 10:32:49.227,NULL,NULL,not valid #
307,27,100570,90,2017-11-13 10:43:21.887,NULL,NULL,"speaking quiet said call back later "
308,27,100569,90,2017-11-13 10:55:18.890,NULL,NULL,na
309,27,100567,90,2017-11-13 10:58:37.860,NULL,NULL,"Said he doesnt speak english "
310,27,100532,93,2017-11-13 12:13:59.683,NULL,NULL,"introduced / he hang up on me "
311,27,100566,90,2017-11-13 12:30:57.037,NULL,NULL,"said he is doing trades before but i see he doesnt understand anything about trading "
312,27,100575,93,2017-11-13 12:52:45.293,NULL,NULL,"like talking to the wood, try later again, she is using visa, doesnt have 500 on it"
313,27,100576,90,2017-11-13 13:20:00.057,NULL,NULL,na
314,27,100523,93,2017-11-13 13:34:01.823,NULL,NULL,"sick, cb tuesday morning, "
315,27,100492,93,2017-11-13 13:35:49.260,NULL,NULL,no answer
316,27,100508,93,2017-11-13 14:07:04.283,NULL,NULL,no answer
317,27,100527,93,2017-11-13 14:20:40.747,NULL,NULL,"picked up / hang up on me "
318,27,100519,93,2017-11-13 14:35:00.313,NULL,NULL,"doesnt speak english "
319,27,100572,90,2017-11-13 15:04:48.567,NULL,NULL,busy here
320,27,100560,90,2017-11-13 15:38:24.193,NULL,NULL,"Said he will be activating his account soon and he wants to trade on indices "
321,27,100558,90,2017-11-13 15:40:12.177,NULL,NULL,na
322,27,100557,90,2017-11-13 15:41:41.600,NULL,NULL,na
323,27,100555,90,2017-11-13 15:44:11.287,NULL,NULL,na
324,27,105260,90,2017-11-13 15:47:14.273,NULL,NULL,na
325,27,100552,90,2017-11-13 15:49:30.587,NULL,NULL,busy here
326,27,100551,90,2017-11-13 15:51:51.103,NULL,NULL,na
327,27,105257,90,2017-11-13 15:52:18.213,NULL,NULL,na
328,27,100549,90,2017-11-13 15:55:36.293,NULL,NULL,na
329,27,100546,90,2017-11-13 15:59:20.887,NULL,NULL,vm
330,27,100513,93,2017-11-14 08:03:43.520,NULL,NULL,"doesnt really get it, send him email about prepaid card from the bank "
331,27,100498,93,2017-11-14 08:22:55.123,NULL,NULL,"picked up confused, to cb in 10 min, not picking up now,
next time from 07"
332,27,100599,93,2017-11-14 08:30:55.577,NULL,NULL,"picked up , introduced, connection was bad, when mention deposit hu and not picking up "
333,27,100463,93,2017-11-14 08:33:41.390,NULL,NULL,"not answering "
334,27,100612,90,2017-11-14 08:35:58.953,NULL,NULL,"Said he doesnt speak english so good but goo with urdu "
335,27,100611,90,2017-11-14 08:41:33.860,NULL,NULL,speak only indi
336,27,100604,90,2017-11-14 08:45:16.453,NULL,NULL,"Said he is sleeping to call back 9 his time "
337,27,100600,90,2017-11-14 08:50:08.907,NULL,NULL,h/u
338,27,100597,90,2017-11-14 08:54:05.257,NULL,NULL,h/u
339,27,100595,90,2017-11-14 08:57:18.433,NULL,NULL,"busy here "
340,27,100594,90,2017-11-14 09:15:03.673,NULL,NULL,na
341,27,100594,90,2017-11-14 09:23:51.917,NULL,NULL,na
342,27,100609,93,2017-11-14 09:27:23.970,NULL,NULL,"sent whatsapp, introduced "
343,27,100605,93,2017-11-14 09:30:40.423,NULL,NULL,"not answering , sent email "
344,27,100591,90,2017-11-14 09:32:10.210,NULL,NULL,"49 y.o works in a house and said she makes 1000 qatari "
345,27,100579,90,2017-11-14 09:34:06.460,NULL,NULL,na
346,27,100565,90,2017-11-14 10:30:28.627,NULL,NULL,na
347,27,100577,90,2017-11-14 10:30:55.360,NULL,NULL,na
348,27,100576,90,2017-11-14 10:33:42.970,NULL,NULL,na
349,27,100603,93,2017-11-14 10:39:06.737,NULL,NULL,"registered on FB, good comments, shy lady, said 500 is a lot, cb and of week to check and show basics "
350,27,100575,90,2017-11-14 10:50:22.433,NULL,NULL,"she is new to trading and she said her friend is doing trade made her interested but h/u "
351,27,100482,90,2017-11-14 10:51:46.747,NULL,NULL,NA
352,27,100466,93,2017-11-14 10:53:48.467,NULL,NULL,"he is from Iraq, said his friends is forex educator, helping him to learn, said will start in few months with a 1000 Euro"
353,27,100592,90,2017-11-14 12:09:57.450,NULL,NULL,"no english "
354,27,100583,90,2017-11-14 12:12:10.450,NULL,NULL,"Saying he is busy to message him on whatsapp "
355,27,100559,90,2017-11-14 12:14:18.980,NULL,NULL,na
356,27,100453,93,2017-11-14 12:20:06.067,NULL,NULL,"sounds good, excited and positive, cb at 10:30 am , to show account and web"
357,27,100431,93,2017-11-14 12:26:04.930,NULL,NULL,no english
358,27,100546,90,2017-11-14 12:27:10.057,NULL,NULL,35 y.o  sells medicine makes 3k and said she will be looking to start thursday or friday
359,27,100430,93,2017-11-14 12:34:08.217,NULL,NULL,"no english "
360,27,105261,90,2017-11-14 12:44:17.030,NULL,NULL,p/u/h/u
361,27,105260,90,2017-11-14 12:49:42.170,90,2017-11-14 12:50:16.607,"36 y.o aircraft engineer got me pissed when he said i should borrow him money "
362,27,105259,90,2017-11-14 12:52:05.173,NULL,NULL,na
363,27,100620,93,2017-11-14 13:04:06.817,NULL,NULL,hang up on me after introduction
364,27,105256,90,2017-11-14 13:10:08.557,NULL,NULL,New to trading like cryptocurrency una able to talk driving
365,27,100619,93,2017-11-14 13:17:09.323,NULL,NULL,"intro, said can start with $ 500, hang up / not picking up after "
366,27,100418,93,2017-11-14 13:21:16.133,NULL,NULL,wrong #
367,27,100590,93,2017-11-14 13:27:19.593,NULL,NULL,"explained , 2 guys picking and talking , not serious, "
368,27,105254,90,2017-11-14 13:36:11.683,NULL,NULL,na
369,27,105253,90,2017-11-14 13:40:46.903,NULL,NULL,na
370,27,100589,93,2017-11-14 13:41:24.780,NULL,NULL,"no language, speaks hindu and arabic"
371,27,105252,90,2017-11-14 13:43:05.280,NULL,NULL,na
372,27,100588,93,2017-11-14 13:44:12.500,NULL,NULL,"does not speak english "
373,27,105251,90,2017-11-14 13:50:49.343,NULL,NULL,na
374,27,105249,90,2017-11-14 13:52:55.030,NULL,NULL,na
375,27,105248,90,2017-11-14 13:54:19.797,NULL,NULL,na
376,27,100584,93,2017-11-14 13:54:26.247,NULL,NULL,"doesnt speak english "
377,27,105247,90,2017-11-14 14:06:23.097,NULL,NULL,"19 y.o new to trading "
378,27,105244,90,2017-11-14 14:20:07.953,NULL,NULL,na
379,27,105243,90,2017-11-14 14:30:42.330,NULL,NULL,na
380,27,100543,90,2017-11-14 14:33:53.343,NULL,NULL,"number suspended "
381,27,100542,90,2017-11-14 14:38:28.067,NULL,NULL,na
382,27,100541,90,2017-11-14 14:40:00.493,NULL,NULL,na
383,27,100354,93,2017-11-14 14:54:41.937,NULL,NULL,"interested to start with 500 Euros, bought online classes for 395 euro, feeling bad for it now,  give some education with basics, she will be ready with money end of month, 
she is from Congo"
384,27,100540,90,2017-11-14 14:55:34.670,NULL,NULL,no language cb again
385,27,100539,90,2017-11-14 14:59:59.593,NULL,NULL,busy here
386,27,100538,90,2017-11-14 15:05:09.270,NULL,NULL,na
387,27,100537,90,2017-11-14 15:06:30.333,NULL,NULL,na
388,27,100535,90,2017-11-14 15:07:59.100,NULL,NULL,na
389,27,100534,90,2017-11-14 15:09:39.787,NULL,NULL,na
390,27,100487,90,2017-11-14 15:13:00.697,NULL,NULL,no tone
391,27,100486,90,2017-11-14 15:16:52.993,NULL,NULL,no language
392,27,100485,90,2017-11-14 15:20:56.947,NULL,NULL,na
393,27,100506,93,2017-11-14 15:32:28.823,NULL,NULL,"doesnt speak english, friend was translating, said registered by mistake , doesnt know about it and has not interest "
394,27,100504,93,2017-11-14 15:35:10.077,NULL,NULL,"was short, said has no interest, offered to send him email, doesnt want it, "
395,27,100484,90,2017-11-14 15:38:07.857,NULL,NULL,bad line remembers he created his account no experience in trading.. working as a store keeper and he is in charge if all the distribution in SA
396,27,100451,90,2017-11-14 15:38:55.263,NULL,NULL,vm
397,27,100450,90,2017-11-14 15:43:36.263,NULL,NULL,na
398,27,100499,93,2017-11-14 15:48:37.640,NULL,NULL,"not good english, work as mehanic, 28 yo, makes 1400 usd a month, hang up on me later, sent him email"
399,27,100446,90,2017-11-14 15:56:57.143,NULL,NULL,"she is trading with another company and she started with 50$ she said she is to old and cant trade with 2 accounts "
400,27,100645,93,2017-11-15 08:04:18.920,NULL,NULL,"picked up, hardly speaking, probably no english, try again to check"
401,27,100640,93,2017-11-15 08:09:47.280,NULL,NULL,"picked up / hang up "
402,27,100637,93,2017-11-15 08:46:41.460,NULL,NULL,"talkked , he is from India, living in Oman, never traded before, showed him how to deposit funds, said will be ready in a week "
403,27,100636,93,2017-11-15 09:01:22.447,NULL,NULL,"picked up / hang up "
404,27,100632,93,2017-11-15 09:28:42.400,NULL,NULL,"bad connection, sent email for intro"
405,27,100630,93,2017-11-15 09:38:59.197,93,2017-11-15 09:40:10.413,"doesnt speak english, sent him email if needs help"
406,27,100651,93,2017-11-15 10:00:27.057,NULL,NULL,"od Matta- pricali, pocetnik, nema iskustvo, ponudjene usluge, poslat email"
407,27,100490,93,2017-11-15 10:12:23.167,NULL,NULL,"no exp, wants to start with 500 in 2 weeks, end of month getting paid, cb today at 2:30 pm to show basics"
408,27,100488,93,2017-11-15 10:41:51.040,NULL,NULL,"2 guys, week level english, said has 3000 riaals to invest ( 800 USD ) , on the end few of them started picking up and making fun"
409,27,100429,93,2017-11-15 10:57:30.353,NULL,NULL,"bad english, no progress"
410,27,100427,93,2017-11-15 12:20:22.497,NULL,NULL,"said was mistake, not interested in forex, "
411,27,100420,93,2017-11-15 12:23:55.107,NULL,NULL,"wrong #, sent email to check"
412,27,100580,93,2017-11-15 12:50:30.373,NULL,NULL,"transaction declined, said  no money, not ready"
413,27,100490,93,2017-11-15 14:37:45.220,NULL,NULL,"explained him basics, he is good with math, learning fast, wants to start , colecting money,  gave opp on cl for inventories "
414,27,100415,90,2017-11-16 07:09:32.930,NULL,NULL,"Probably a bad line "
415,27,100413,90,2017-11-16 07:16:46.363,NULL,NULL,na
416,27,100331,93,2017-11-16 07:29:13.247,NULL,NULL,"yousef spoke with him , to cb around 14h, at work now"
417,27,100675,93,2017-11-16 07:39:04.720,NULL,NULL,"was in shopping, knows about registering, sent her email , check back later on, cannot go onlline now,"
418,27,100674,93,2017-11-16 07:53:33.113,NULL,NULL,hot
419,27,100673,93,2017-11-16 07:54:24.677,NULL,NULL,hot
420,27,100412,90,2017-11-16 07:58:28.630,NULL,NULL,na
421,27,100672,93,2017-11-16 07:59:55.100,NULL,NULL,hot
422,27,100408,90,2017-11-16 08:00:55.037,NULL,NULL,"not available at present "
423,27,100671,93,2017-11-16 08:02:10.397,NULL,NULL,hot
424,27,100401,90,2017-11-16 08:05:49.800,NULL,NULL,na
425,27,100668,93,2017-11-16 08:19:23.960,NULL,NULL,hot
426,27,100667,93,2017-11-16 08:28:34.970,NULL,NULL,hot
427,27,100666,93,2017-11-16 08:33:14.723,NULL,NULL,hot
428,27,100665,93,2017-11-16 08:35:23.910,NULL,NULL,hot
429,27,100664,93,2017-11-16 08:37:03.130,NULL,NULL,hot
430,27,100394,90,2017-11-16 08:38:37.503,NULL,NULL,"said he invested with some option company we tried activating his account with 500 "
431,27,100663,93,2017-11-16 08:40:25.240,NULL,NULL,"picked up / hang up, hot "
432,27,100393,90,2017-11-16 08:41:38.287,NULL,NULL,na
433,27,100662,93,2017-11-16 08:49:02.753,NULL,NULL,hot
434,27,100661,93,2017-11-16 08:50:03.647,NULL,NULL,hot
435,27,100660,93,2017-11-16 08:56:01.567,NULL,NULL,"to cb in 3 hours "
436,27,100659,93,2017-11-16 08:58:37.207,NULL,NULL,hot
437,27,100353,90,2017-11-16 09:13:40.243,90,2017-11-16 09:25:08.970,"new to trading but in the bank, said her boyfriend is the one who wants to do the investment and i need talk to him also "
438,27,100658,93,2017-11-16 09:25:01.250,NULL,NULL,"made appointment for friday at 10:30 , will be available whole day"
439,27,100285,90,2017-11-16 09:36:11.410,NULL,NULL,new to trading and he wants to trade equities said he tried activate his account and they said it not available in lebanon
440,27,100656,93,2017-11-16 09:39:16.913,NULL,NULL,"not really interested , saying busy, try him friday"
441,27,100679,90,2017-11-16 09:43:01.733,NULL,NULL,could not be reached
442,27,105432,90,2017-11-16 09:43:54.657,NULL,NULL,"said she told amanda that she can only start with 100usd she is 46 unemployed "
443,27,105435,90,2017-11-16 09:47:57.420,NULL,NULL,"saying she is not interested and she is not alright right now "
444,27,100677,90,2017-11-16 09:48:57.250,NULL,NULL,vm
445,27,105432,90,2017-11-16 09:52:13.593,NULL,NULL,"said she told amanda that she can only start with 100usd she is 46 unemployed "
446,27,100653,93,2017-11-16 10:01:30.503,NULL,NULL,"to cb around 5:45, told him to make prepaid card to deposit funds"
447,27,100677,93,2017-11-16 10:07:44.037,NULL,NULL,"going to buy data, cb in 20 min "
448,27,105431,90,2017-11-16 10:09:33.477,NULL,NULL,"she said she is cooking for her boss and i should call back a little later "
449,27,100650,93,2017-11-16 10:11:39.760,NULL,NULL,"hot "
450,27,105430,90,2017-11-16 10:12:29.007,NULL,NULL,"will add on whats app "
451,27,100675,90,2017-11-16 10:14:21.103,NULL,NULL,na
452,27,100649,93,2017-11-16 10:17:49.857,NULL,NULL,"at work now, to cb after 18h pm saudi time , sent him email to have "
453,27,105428,90,2017-11-16 10:18:55.717,NULL,NULL,"need check the number "
454,27,100648,93,2017-11-16 10:19:32.417,NULL,NULL,"picked up / hang up "
455,27,100674,90,2017-11-16 10:20:30.607,NULL,NULL,temp unavailable
456,27,100603,93,2017-11-16 10:22:01.683,NULL,NULL,"not answering "
457,27,100673,90,2017-11-16 10:26:44.793,NULL,NULL,na
458,27,100647,93,2017-11-16 10:27:24.590,NULL,NULL,"at work busy, said interested , cb later today to explain , sent email already to have it"
459,27,100672,90,2017-11-16 10:52:51.320,NULL,NULL,"from Philippine works in a hair salon and all her money goes to her country  "
460,27,100677,93,2017-11-16 10:56:50.210,NULL,NULL,"polite girl, student, not a lot of money, has boyfriend for a year and two months, studing something with math, responsible girl, taking her little brother early in the morning for school,
was reading about rich kids in SA who are traders, wants to be one of them, made app for around 13h friday to show her around the platform and web"
461,27,100660,93,2017-11-16 12:15:48.257,NULL,NULL,"asked for investment, got really noisy around him , couldnt hear what he is saying, cb later "
462,3,102764,90,2017-11-16 12:18:10.227,NULL,NULL,H/U
463,27,100669,90,2017-11-16 12:25:39.293,NULL,NULL,"Spoke to vlad a construction supervisor  earns 15kRands every month wants to make more money "
464,27,100668,90,2017-11-16 12:47:09.093,NULL,NULL,na
465,27,105420,90,2017-11-16 13:00:21.867,NULL,NULL,na
466,27,105409,90,2017-11-16 13:01:35.853,NULL,NULL,na
467,27,100623,93,2017-11-16 13:20:35.900,NULL,NULL,"interested in trading , give call tomorrow to check if ready to deposit "
468,27,100656,90,2017-11-16 13:23:37.870,NULL,NULL,gave me some card number and i called back wanted to know if i saved his card number and he said he doesnt have imo again
469,27,105405,90,2017-11-16 13:27:47.447,NULL,NULL,na
470,27,105404,90,2017-11-16 13:28:56.400,90,2017-12-04 15:28:18.437,na
471,27,100653,90,2017-11-16 13:32:30.683,NULL,NULL,na
472,27,105402,90,2017-11-16 13:35:50.790,NULL,NULL,service unavailable
473,27,105400,90,2017-11-16 13:38:04.667,NULL,NULL,"service unaavailable "
474,27,105399,90,2017-11-16 13:41:15.717,NULL,NULL,call back he cant talk
475,27,100650,90,2017-11-16 13:42:58.970,NULL,NULL,na
476,27,104218,90,2017-11-16 13:51:52.883,NULL,NULL,"new to trading and he was driving "
477,27,100682,93,2017-11-16 13:55:48.243,NULL,NULL,"sent him whatssapp and email, will make account , check back friday "
478,27,100620,93,2017-11-16 13:57:22.450,NULL,NULL,"said going to wash room, to cb in 10 min, not picking up  now "
479,27,100649,90,2017-11-16 13:57:44.263,NULL,NULL,na
480,27,101284,90,2017-11-16 13:58:58.543,NULL,NULL,na
481,27,100648,90,2017-11-16 14:17:31.953,NULL,NULL,na
482,27,101326,93,2017-11-16 14:29:43.430,NULL,NULL,"was too noisy, sent him email and whatsaap, to set app for friday "
483,27,100647,90,2017-11-16 14:32:33.930,NULL,NULL,na
484,27,100646,90,2017-11-16 14:40:05.277,NULL,NULL,na
485,27,105377,90,2017-11-16 14:45:49.123,NULL,NULL,"h/u "
486,27,101147,90,2017-11-16 14:48:56.843,NULL,NULL,na
487,27,100641,90,2017-11-16 14:51:07.110,NULL,NULL,na
488,27,100647,93,2017-11-16 14:53:55.597,NULL,NULL,"didnt answer "
489,27,100639,90,2017-11-16 14:56:07.020,NULL,NULL,"no tone "
490,27,100660,93,2017-11-16 15:19:32.103,NULL,NULL,"not answering "
491,27,105370,90,2017-11-16 15:20:55.867,NULL,NULL,"works in a cleaning agency in oman from Nigeria osun "
492,27,105368,90,2017-11-16 15:30:18.753,NULL,NULL,"said he doesn't remember he register and he said he deactivated his whatsapp "
493,27,100660,93,2017-11-16 15:30:57.457,NULL,NULL,"wants to start with 3 K , no exp, sent email and has whatsapp, friday at 3 pm saudi time "
494,27,105365,90,2017-11-16 15:31:52.050,NULL,NULL,"some woman picks up "
495,27,100649,93,2017-11-16 15:34:40.573,NULL,NULL,"not asnwring "
496,27,105364,90,2017-11-16 15:35:04.320,NULL,NULL,h/u
497,27,100637,90,2017-11-16 15:40:30.667,NULL,NULL,na
498,27,100636,90,2017-11-16 15:53:28.097,NULL,NULL,na
499,27,100635,90,2017-11-16 15:54:40.083,NULL,NULL,na
500,27,105453,93,2017-11-17 07:22:28.233,NULL,NULL,"said she was shopping online, doesnt know about forex, has no interes in trading "
501,27,100669,93,2017-11-17 07:23:50.767,NULL,NULL," construction supervisor  earns 15kRands every month wants to make more money"
502,27,100016,93,2017-11-17 07:42:38.007,NULL,NULL,with Jousef on CMS TRADER
503,27,105472,93,2017-11-17 07:54:11.067,NULL,NULL,"cannot aford the minimum, "
504,27,100705,93,2017-11-17 08:18:34.647,NULL,NULL,to cb around 4 to show acc
505,27,105459,93,2017-11-17 10:08:42.523,NULL,NULL,"cb later, doesnt know what he did, explained him that he registered for forex and trading just saying no problem ok ok "
506,27,100682,93,2017-11-17 10:26:37.773,NULL,NULL,didnt answer
507,27,100623,93,2017-11-17 12:14:52.680,NULL,NULL,no answer
508,27,100623,93,2017-11-17 12:42:53.470,NULL,NULL,"said ready to deposit, has money, wants to start in btw 500- 1000, visa card, going home to take it"
509,27,100710,93,2017-11-17 12:58:13.817,NULL,NULL,"interested in trading , having a demo account, oppeend him real, sent email, added on whatsapp, said can start with 10 000 ZAR, ( wants to do it in january) after we spoke, now ready to start in beggining of december, Monday to show him account, and to check if he made any babies for the weekend "
510,27,100664,93,2017-11-17 13:40:12.337,NULL,NULL,"on whatsapp, using goolge translate, lets see "
511,27,100705,93,2017-11-17 14:10:49.463,NULL,NULL,"not asnwering "
512,27,100653,93,2017-11-17 14:22:33.613,NULL,NULL,"wanted my picture, sent him, cb monday, explaining him how to take prepaaid card from the bank"
513,27,100664,93,2017-11-17 14:34:55.463,NULL,NULL,"on whatsapp, texting, not good english, using google translate, lets see "
514,27,100647,93,2017-11-17 14:50:00.643,NULL,NULL,"hanging up on me all the time "
515,27,100714,93,2017-11-17 14:59:55.480,NULL,NULL,"doesnt speak english "
516,27,100704,93,2017-11-17 15:24:48.817,NULL,NULL,"said he is not interested, bad english as well "
517,27,100685,93,2017-11-17 15:45:17.933,NULL,NULL,"hang up on me "
518,27,100687,93,2017-11-17 15:51:31.373,NULL,NULL,"said was to noisy, to cb in 10 min,  called, voice mail "
519,27,100742,93,2017-11-20 08:40:03.507,NULL,NULL,"keen to start , no money saying, quit her job in march, home now, her nephew is trading with some company, ( started with 10 000 ZAR, got BTC ) , will email me in mornning, pushed for Apple and Eur/Usd "
520,27,100742,92,2017-11-20 08:46:29.083,NULL,NULL,duplicate
521,27,100728,92,2017-11-20 08:53:42.913,NULL,NULL,"he is interested but not online now, cb around 2"
522,27,100707,93,2017-11-20 08:58:19.633,NULL,NULL,"said he is interested in trading,  has 250 , 500 is a lot, not true, sent email to have, push later "
523,27,100719,92,2017-11-20 09:14:08.907,92,2017-11-20 09:14:33.627,"no exp, 25 yrs, hung up, very slow guy, didn't pick up again after that"
524,27,105555,93,2017-11-20 09:24:27.200,NULL,NULL,"kid, underage still, wants to trade, has iphone and maccbook "
525,27,105550,93,2017-11-20 09:37:25.007,NULL,NULL,"no expirience, wants to try his luck , at work now, no time to go online to chat, "
526,27,100716,92,2017-11-20 09:48:45.923,NULL,NULL,"no exp, 31 yrs, selling things, not really looking for forex trading but for partners for selling his stuff outside SA"
527,27,100517,92,2017-11-20 09:55:09.390,NULL,NULL,"was busy, not online, cb in 3 hrs
"
528,27,100744,92,2017-11-20 09:57:58.423,NULL,NULL,speaks English very little
529,27,105544,93,2017-11-20 10:06:19.457,NULL,NULL,"not interested, registered ( looking for information ) trading, said making 1000-2000 a month with Forex, ( not true) , sent him email if wish to  make more"
530,27,105571,92,2017-11-20 10:07:14.770,NULL,NULL,pu/hu
531,27,100710,93,2017-11-20 10:10:18.057,NULL,NULL,"was driving, to cb in 15 min, not picking up now "
532,27,105569,92,2017-11-20 10:11:11.057,NULL,NULL,"cb at 4, he is at work now"
533,27,105543,93,2017-11-20 10:18:32.603,NULL,NULL,"said beginer, not interested in services, said just login in on invsting,com , offerred him education as well, not interested "
534,27,105550,92,2017-11-20 10:18:47.070,NULL,NULL,vm
535,27,105542,93,2017-11-20 10:24:05.187,NULL,NULL,hang up on me
536,27,105545,92,2017-11-20 10:30:21.033,NULL,NULL,"he is trading right now and not looking for anything, wanted to use the app of investing.com"
537,27,105559,92,2017-11-20 10:31:07.190,NULL,NULL,vm
538,27,100730,92,2017-11-20 10:35:02.330,NULL,NULL,"very bad English, cb again"
539,27,105538,93,2017-11-20 10:37:39.637,NULL,NULL,"he is 16, deposited 50 $ in some company, cannot trade, underage, started swearing and calling me names cause I cannot help him withdraw money, funny guy, "
541,27,100723,92,2017-11-20 10:42:04.943,NULL,NULL,"he was driving, cb "
542,3,102909,93,2017-11-20 10:42:55.693,NULL,NULL,"hang up on me "
543,3,102909,93,2017-11-20 10:44:55.613,NULL,NULL,"husband picked up, said by mistake registered, not interested in trading, not interested in making money, like what he has "
544,27,105505,92,2017-11-20 10:47:20.003,NULL,NULL,"said he is busy, kind of slow and rude"
545,27,100717,92,2017-11-20 10:52:34.070,NULL,NULL,"hung up "
546,27,100710,93,2017-11-20 12:05:41.757,NULL,NULL,"cb at 17h "
547,27,100741,92,2017-11-20 12:12:08.870,NULL,NULL,doesn't speak English and it is very hard to understand him
548,27,100726,92,2017-11-20 12:13:13.060,NULL,NULL,vm
549,27,105488,93,2017-11-20 12:17:14.310,NULL,NULL,"not interested, was looking for information, doesnt want to trade, cut me off"
550,27,105484,93,2017-11-20 12:28:31.380,NULL,NULL,"registered on investing.com, to read blogs and to check, wants to start in 2,3 months, wants to read first, offered him education, sent email to have "
551,27,100728,92,2017-11-20 12:29:50.460,NULL,NULL,"no exp, 28 yrs, unemployed, no source of income, no money to start and doesn't know when he will have some"
552,27,105241,92,2017-11-20 12:34:28.553,NULL,NULL,"he was rude at first but then he remembered reg., interested, very busy, cb on Thursday, he will be free then
"
553,27,105238,92,2017-11-20 12:44:55.493,NULL,NULL,"she is not interested, knows ppl who are trading and doesn't like the idea,  engineer, not online, cb again "
554,27,105236,92,2017-11-20 12:48:17.370,NULL,NULL,said he is not interested and hung up
555,27,105232,92,2017-11-20 12:54:11.233,NULL,NULL,"bad time for the call, cb again in some hours"
556,3,102836,93,2017-11-20 13:01:03.970,NULL,NULL,"weak level of english,some lady helped him to translate, sent him email to take a look, ( no arabic, he said ) "
557,27,105213,92,2017-11-20 13:06:50.317,NULL,NULL,"no exp, a little slow, bad English, working sth that I didn't get, 24 yrs, no money to get started, maybe in 2-3 months"
558,27,100517,92,2017-11-20 13:09:43.240,NULL,NULL,didn't pick up on the app
559,27,100555,92,2017-11-20 13:13:03.620,NULL,NULL,"bad connection, couldn't hear me"
560,27,105480,93,2017-11-20 13:15:55.700,NULL,NULL,"property business, has firends who are bankers, trading on forex, for him its new, deposited with some local company, explained him that its our first call and its hard to talk about investemtns with stranger, sent him emal to check it up , added on whatsapp , cb end of week "
561,27,105209,92,2017-11-20 13:21:59.670,NULL,NULL,"said she doesn't have a bank account, not sure if she could understand me, wanted to speak on Whats App, cb again"
562,27,105478,93,2017-11-20 13:25:54.047,NULL,NULL,hang up on me
563,27,105392,93,2017-11-20 13:49:04.313,NULL,NULL,cut me off
564,27,105208,92,2017-11-20 13:55:22.187,NULL,NULL,"busy, can't talk now, cb later"
565,3,102688,93,2017-11-20 13:58:00.990,NULL,NULL,"has interest, but english is bad, wants someone who speaks hindu, sent him mail with details for account, to take a look and check it "
567,27,105206,92,2017-11-20 14:15:49.757,NULL,NULL,"very bad English, can't recall anything of what I was saying and doesn't understand me, hung up when she heard about depositing money"
568,27,100551,92,2017-11-20 14:24:12.413,NULL,NULL,vm
569,27,100628,93,2017-11-20 14:24:32.540,NULL,NULL,"said interested, wants to trade, was asking for documents, "
570,27,100649,93,2017-11-20 14:33:04.073,NULL,NULL,"hang up on me "
571,27,100545,92,2017-11-20 14:35:24.603,NULL,NULL,vm
572,27,105197,92,2017-11-20 14:36:46.603,NULL,NULL,"cb, was busy"
573,27,100543,92,2017-11-20 14:45:28.653,NULL,NULL,"she is originally from the Philippines, doesn't have a bank account, nice lady, not online now, will be tmr, cb then "
574,27,100541,92,2017-11-20 14:54:43.357,NULL,NULL,"recalled the company, no exp, was busy, cb tmr to be online"
575,27,100754,93,2017-11-20 14:57:56.500,NULL,NULL,"not good english, sent him details how to log in, said wants to start with 1000"
576,27,100539,92,2017-11-20 15:02:20.437,NULL,NULL,no such person there
577,27,105186,92,2017-11-20 15:08:14.453,NULL,NULL,VM
578,27,100528,92,2017-11-20 15:23:52.637,NULL,NULL,"not online, wanted me to send him an e-mail, cb again
"
579,27,100627,93,2017-11-20 15:25:07.513,NULL,NULL,"no english , only urdu "
580,27,100525,92,2017-11-20 15:26:09.230,NULL,NULL,"bad connection, hung up"
581,27,100523,92,2017-11-20 15:34:10.960,NULL,NULL,"he is interested but has very bad English, told me he is using WhatsApp which he doesn't, cb again tmr."
582,27,105174,92,2017-11-20 15:38:33.663,NULL,NULL,vm
583,27,105332,93,2017-11-20 15:48:52.760,NULL,NULL,"has bitcoin on coinbase.com, doesnt know what forex is, explained him that with 20 000 can buy 20 BTC with leverage, wants to take a look at webpage, sent him email about it "
584,27,105167,92,2017-11-20 15:51:37.780,NULL,NULL,vm
585,27,100515,92,2017-11-20 15:54:35.000,NULL,NULL,"very bad connection, cb again"
586,27,100514,92,2017-11-20 15:56:30.160,NULL,NULL,only German
587,27,100749,92,2017-11-21 07:08:09.980,NULL,NULL,"picked up, said ""yes"" and stopped speaking, didn't pick up again"
588,27,105390,93,2017-11-21 07:09:47.823,NULL,NULL,"trading with other company, very satisfied, doesnt want to invest in any other "
589,27,100748,92,2017-11-21 07:12:12.620,NULL,NULL,"picked up and didn't speak, hung up"
590,27,100745,92,2017-11-21 07:13:42.807,NULL,NULL,na
591,27,100744,92,2017-11-21 07:15:30.510,NULL,NULL,na
592,27,100741,92,2017-11-21 07:16:53.513,NULL,NULL,rej
593,27,100592,90,2017-11-21 07:18:50.033,NULL,NULL,Switched off
594,27,100545,90,2017-11-21 07:20:42.563,NULL,NULL,No language
595,27,100737,92,2017-11-21 07:21:06.953,NULL,NULL,"was in a meeting, cb later"
596,27,100734,92,2017-11-21 07:22:39.223,NULL,NULL,vm
597,27,100733,92,2017-11-21 07:23:27.927,NULL,NULL,vm
598,27,105479,93,2017-11-21 07:24:11.270,NULL,NULL,"looking for crypto coins to excahge them, not for speculative market , explained what our company is offering, sent him email to have, said will take a look in front of PC now "
599,27,100445,90,2017-11-21 07:24:29.193,NULL,NULL,"speaks indi "
600,27,100732,92,2017-11-21 07:25:01.117,NULL,NULL,na
601,27,100444,90,2017-11-21 07:25:38.210,NULL,NULL,"service unavailable "
602,27,100731,92,2017-11-21 07:26:51.317,NULL,NULL,"he was busy, cb again later"
603,27,100443,90,2017-11-21 07:28:19.553,NULL,NULL,na
604,27,100730,92,2017-11-21 07:29:21.037,NULL,NULL,"at work and can't speak, cb again"
605,27,100442,90,2017-11-21 07:35:10.880,NULL,NULL,"not so good english but wanted us to chat on whatsapp "
606,27,100726,92,2017-11-21 07:36:23.867,NULL,NULL,vm
607,27,100783,93,2017-11-21 07:37:14.570,NULL,NULL,"said interested, sent email, said has other guys that are interested, doing reaserch on 3 other companies as well"
608,27,100439,90,2017-11-21 07:38:21.193,NULL,NULL,cannot be reached
609,27,100725,92,2017-11-21 07:39:21.007,NULL,NULL,doesn't speak English
610,27,100670,90,2017-11-21 07:40:37.570,NULL,NULL,p/u/h/u
612,27,100657,90,2017-11-21 07:42:47.757,NULL,NULL,service unavailable
613,27,100723,92,2017-11-21 07:44:13.600,NULL,NULL,na
614,27,100604,93,2017-11-21 07:45:11.757,NULL,NULL,"said not interested, cut me off"
615,27,100722,92,2017-11-21 07:45:26.833,NULL,NULL,hung up on me
616,27,100721,92,2017-11-21 07:46:09.090,NULL,NULL,vm
617,27,100720,92,2017-11-21 07:47:37.230,NULL,NULL,na
618,27,100719,92,2017-11-21 07:50:05.357,NULL,NULL,"no exp, slow guy, hung up the phone because he couldn't answer my simple questions, cb "
619,27,100717,92,2017-11-21 07:54:54.520,NULL,NULL,doesn't speak English
620,27,100716,92,2017-11-21 07:57:13.920,NULL,NULL," vm"
621,27,105589,92,2017-11-21 08:00:48.987,NULL,NULL,no such person there
622,27,105587,92,2017-11-21 08:02:39.173,NULL,NULL,vm
623,27,100762,90,2017-11-21 08:03:23.377,NULL,NULL,"47 y.o married and he was talking about alot of companies he had worked with "
624,27,100761,92,2017-11-21 08:03:36.017,NULL,NULL,na
625,27,105294,93,2017-11-21 08:04:23.330,NULL,NULL,"no phone number "
626,27,105584,92,2017-11-21 08:07:17.040,NULL,NULL,hung up
627,27,100601,93,2017-11-21 08:07:24.307,NULL,NULL,"only arabic language, no english "
628,27,105582,92,2017-11-21 08:08:12.820,NULL,NULL,na
629,27,105235,92,2017-11-21 08:09:39.307,NULL,NULL,na
630,27,105291,93,2017-11-21 08:11:00.920,NULL,NULL,"doesnt speak english, only hindu "
631,27,103567,92,2017-11-21 08:13:45.687,NULL,NULL,no English
632,27,105289,93,2017-11-21 08:17:38.410,NULL,NULL,"doesnt speak english "
633,27,100596,93,2017-11-21 08:23:34.413,NULL,NULL,"doesnt speak english "
634,27,100512,92,2017-11-21 08:27:34.527,NULL,NULL,rej
635,27,100510,92,2017-11-21 08:29:01.293,NULL,NULL,na
636,27,100509,92,2017-11-21 08:30:36.387,NULL,NULL,na
637,27,105159,92,2017-11-21 08:32:08.370,NULL,NULL,na
638,27,100508,92,2017-11-21 08:33:49.667,NULL,NULL,na
639,27,105157,92,2017-11-21 08:35:17.730,NULL,NULL,no English here
640,27,105571,92,2017-11-21 08:37:19.683,NULL,NULL,na
641,27,105535,90,2017-11-21 08:37:27.620,NULL,NULL,"experienced trader but he doesnt have connection he is in the rural area will be going to Nairobi after a week "
642,27,105515,92,2017-11-21 08:39:07.463,NULL,NULL,na
643,27,100737,90,2017-11-21 08:39:47.733,NULL,NULL,na
644,27,100723,92,2017-11-21 08:40:51.563,NULL,NULL,na
645,27,100719,92,2017-11-21 08:43:25.037,NULL,NULL,"hung up on me again, apparently not interested and just wasting my time"
646,27,105505,92,2017-11-21 08:44:30.523,NULL,NULL,na
647,27,105533,90,2017-11-21 08:45:20.473,NULL,NULL,na
648,27,100555,92,2017-11-21 08:45:59.210,NULL,NULL,na
649,27,105197,92,2017-11-21 08:50:06.100,NULL,NULL,"cb tmr to deposit "
650,27,100591,93,2017-11-21 08:52:04.593,NULL,NULL,"she makes 10 000 philipines pesos, ( 190 $ a month ) , interested, no money now, gave her offer to make it"
651,27,100525,92,2017-11-21 08:54:49.403,NULL,NULL,na
652,27,100517,92,2017-11-21 08:56:34.280,NULL,NULL,na
653,27,100777,90,2017-11-21 09:03:19.113,NULL,NULL,"33 y.o head mechanic of aircraft said he earns 6000zr because he doesnt have the certificate yet and he is really interested also said he has friends who are looking to trade "
654,27,100588,93,2017-11-21 09:04:41.177,NULL,NULL,"said not interested, cut me off"
655,27,100586,93,2017-11-21 09:08:40.527,NULL,NULL,"doesnt speak english "
656,27,100515,92,2017-11-21 09:11:53.760,NULL,NULL,"very slow guy, bad English, couldn't understand me, cb once more
"
657,27,105587,92,2017-11-21 09:13:34.980,NULL,NULL,vm
658,27,100761,92,2017-11-21 09:14:05.243,NULL,NULL,vm
659,27,105582,92,2017-11-21 09:15:37.997,92,2017-11-21 09:15:47.873,rej
660,27,105570,92,2017-11-21 09:17:29.153,NULL,NULL,na
661,27,105552,92,2017-11-21 09:19:30.670,NULL,NULL,na
662,27,105550,92,2017-11-21 09:20:23.013,NULL,NULL,na
663,27,101288,92,2017-11-21 09:21:44.903,NULL,NULL,na
664,27,105548,92,2017-11-21 09:22:31.450,NULL,NULL,busy tone
665,27,105547,92,2017-11-21 09:24:22.750,NULL,NULL,na
666,27,100734,90,2017-11-21 09:24:37.220,NULL,NULL,vm
667,27,105546,92,2017-11-21 09:25:57.503,NULL,NULL,"said he is Max and then when he heard investing.com - hung up the phone, one last call"
668,27,105559,92,2017-11-21 09:27:01.927,NULL,NULL,vm
669,27,105529,90,2017-11-21 09:27:10.820,NULL,NULL,no answer
670,27,100734,92,2017-11-21 09:27:53.087,NULL,NULL,vm
671,27,105515,92,2017-11-21 09:29:34.477,NULL,NULL,na
672,27,105273,93,2017-11-21 09:29:47.570,NULL,NULL,"spoke with friend, he is trading, doesnt know about it, send him email to check, to make appointment by the end of week "
673,27,100726,92,2017-11-21 09:30:56.290,NULL,NULL,na
674,27,100584,93,2017-11-21 09:32:35.820,NULL,NULL,"doesnt speak english "
676,27,100723,92,2017-11-21 09:34:24.883,NULL,NULL,na
677,27,100722,92,2017-11-21 09:35:46.603,NULL,NULL,na
678,27,105528,90,2017-11-21 09:37:03.743,NULL,NULL,"couldn't hear me "
679,27,100720,92,2017-11-21 09:37:28.773,NULL,NULL,na
680,27,105499,92,2017-11-21 09:40:47.870,NULL,NULL,"na
"
681,27,100714,92,2017-11-21 09:43:27.727,NULL,NULL,"can't concentrate on the conversation, cb later"
682,27,100712,92,2017-11-21 09:44:50.510,NULL,NULL,vm
683,27,105242,92,2017-11-21 09:46:23.997,NULL,NULL,na
684,27,105240,92,2017-11-21 09:47:28.603,NULL,NULL,rej
685,27,105239,92,2017-11-21 09:48:29.450,NULL,NULL,na
686,27,105237,92,2017-11-21 09:50:09.873,NULL,NULL,"said she is not interested and hung up "
687,27,100583,93,2017-11-21 09:50:43.387,NULL,NULL,"not interested, was very rude, interupting and not letting finish, he is from INDIA"
688,27,105235,92,2017-11-21 09:51:48.403,NULL,NULL,na
689,27,105234,92,2017-11-21 09:53:16.810,NULL,NULL,na
690,27,105233,92,2017-11-21 09:55:08.157,NULL,NULL,na
691,27,105268,93,2017-11-21 09:58:37.847,NULL,NULL,"doesnt speak english, only arabic "
692,27,105216,92,2017-11-21 10:00:22.443,NULL,NULL,"not sure if he didn't understand me or he was just playing around - told him to go online - ok, ok, no problem, then said goodbye and hung up"
693,27,100557,92,2017-11-21 10:03:13.900,NULL,NULL,"she was busy, sb else picked up, cb again later"
694,27,105212,92,2017-11-21 10:05:11.793,NULL,NULL,na
695,27,100579,93,2017-11-21 10:05:23.230,NULL,NULL,"said he is interested but in FXGm, sent him email to check, "
696,27,100552,92,2017-11-21 10:06:05.323,NULL,NULL,na
697,27,100551,92,2017-11-21 10:07:18.000,NULL,NULL,vm
698,27,100549,92,2017-11-21 10:08:38.607,NULL,NULL,na
699,27,100577,93,2017-11-21 10:08:53.547,NULL,NULL,"hang up on me "
700,27,105527,90,2017-11-21 10:09:00.750,NULL,NULL,"Wants to learn and said he is very new "
701,27,105201,92,2017-11-21 10:09:23.640,NULL,NULL,vm
702,27,105230,93,2017-11-21 10:14:38.437,NULL,NULL,"said lost money, to start from January, didnt like his previous company, wants to change it, , sent him email, not really good english "
703,27,100546,92,2017-11-21 10:16:18.673,NULL,NULL,"she reg. with other companies as well, nice lady, no exp, cb at 5 so she can be online, phone to browse "
704,27,100545,92,2017-11-21 10:17:35.707,NULL,NULL,vm
705,27,100542,92,2017-11-21 10:18:38.397,NULL,NULL,na
706,27,100531,92,2017-11-21 10:20:00.457,NULL,NULL,na
707,27,100733,90,2017-11-21 10:20:42.927,NULL,NULL,"Said he is new to trading 21 y.o earns 250usd and doesnt have funds yet "
708,27,100540,92,2017-11-21 10:21:27.367,NULL,NULL,"a woman picked up and after ""hello"" didn't say anything"
709,27,100569,93,2017-11-21 10:26:04.573,NULL,NULL,"never traded, interested, said has 200, he is from philiphines, working in saudi arabia, cb friday morning , said he is free from 8h-14h to help start "
710,27,100538,92,2017-11-21 10:26:49.357,NULL,NULL,na
711,27,100537,92,2017-11-21 10:27:33.623,NULL,NULL,vm
712,27,100535,92,2017-11-21 10:28:05.873,NULL,NULL,na
713,27,100535,92,2017-11-21 10:28:43.950,NULL,NULL,hung up the phone on me
714,27,105186,92,2017-11-21 10:29:22.513,NULL,NULL,vm
715,27,100532,92,2017-11-21 10:31:25.857,NULL,NULL,"picked up, said this is him and then stopped speaking"
716,27,100531,92,2017-11-21 10:33:12.903,NULL,NULL,na
717,27,105175,92,2017-11-21 10:35:46.733,NULL,NULL,na
718,27,105521,90,2017-11-21 10:38:04.343,NULL,NULL,vm
719,27,105174,92,2017-11-21 10:38:58.500,NULL,NULL,na
720,3,102514,93,2017-11-21 10:42:33.163,NULL,NULL,"cb tomorrow, interested, wants demo account to practice, lets see after tmorrow "
721,27,105520,90,2017-11-21 10:44:04.257,NULL,NULL,na
722,27,100521,92,2017-11-21 10:46:43.410,NULL,NULL,"he wants me to send him the signals and then if he wants, he will deposit, his brother is trading with meta trader, just repeating he first wants the signals and then he may deposit "
723,27,100520,92,2017-11-21 10:48:50.583,NULL,NULL,na
724,27,100520,92,2017-11-21 10:54:13.240,NULL,NULL,"picked up and repeated the same thing over and over again, couldn't understand if that was a person or a very good voicemail, then a woman picked up when I redialed, cb again"
725,27,100766,90,2017-11-21 10:54:44.490,NULL,NULL,"he is new to trading and wants to make money "
726,27,100518,92,2017-11-21 10:55:49.367,NULL,NULL,na
727,27,105167,92,2017-11-21 10:56:25.740,NULL,NULL,vm
728,27,100513,92,2017-11-21 10:57:16.727,NULL,NULL,na
729,27,100512,92,2017-11-21 12:01:32.270,NULL,NULL,na
730,27,100760,93,2017-11-21 12:15:19.980,NULL,NULL,hang up on me
731,27,100565,93,2017-11-21 12:22:24.333,NULL,NULL,"he wants to start with 500, told me ready, was loggin in not replying after "
732,27,100754,93,2017-11-21 12:22:52.707,NULL,NULL,na
733,27,105450,90,2017-11-21 12:24:19.160,NULL,NULL,"not available at the moment "
734,27,100510,92,2017-11-21 12:28:35.537,NULL,NULL,"no exp, 28 yrs, assistant chef, has usd 200 now, will raise the rest, cb "
735,27,100687,90,2017-11-21 12:28:47.350,NULL,NULL,"18 y.o doesnt have fund n will be able to activate his account end of the year "
736,27,100509,92,2017-11-21 12:30:27.257,NULL,NULL,na
737,27,105459,93,2017-11-21 12:31:50.303,NULL,NULL,"not interested, 2 guys jsut switching phone iin btw and repeating aha ok no problem "
738,27,105448,90,2017-11-21 12:37:10.070,NULL,NULL,"doesnt speak good english "
739,27,105159,92,2017-11-21 12:37:28.130,NULL,NULL,doesn't speak English
740,27,105450,90,2017-11-21 12:38:47.287,NULL,NULL,na
741,27,100508,92,2017-11-21 12:38:54.427,NULL,NULL,na
742,27,100596,90,2017-11-21 12:40:13.973,NULL,NULL,"not available at he moment "
743,27,105587,92,2017-11-21 12:42:58.740,NULL,NULL,"very bad English, can't focus on the conv."
744,27,100682,93,2017-11-21 12:43:40.977,NULL,NULL,na
745,27,100761,92,2017-11-21 12:44:41.897,NULL,NULL,na
746,27,105582,92,2017-11-21 12:45:31.147,NULL,NULL,rej
747,27,100737,92,2017-11-21 12:47:20.007,NULL,NULL,na
748,27,105570,92,2017-11-21 12:50:14.147,NULL,NULL,na
749,27,105552,92,2017-11-21 12:51:48.977,NULL,NULL,na
750,27,105550,92,2017-11-21 12:52:58.227,NULL,NULL,na
751,27,101288,92,2017-11-21 12:54:36.727,NULL,NULL,na
752,27,100681,93,2017-11-21 12:54:43.130,NULL,NULL,"wants to try with 500, never traded, has questions about WD, using visa card"
753,27,105548,92,2017-11-21 12:55:22.443,NULL,NULL,same
754,27,105547,92,2017-11-21 12:57:19.820,NULL,NULL,na
755,27,105559,92,2017-11-21 12:57:58.913,NULL,NULL,vm
756,27,100734,92,2017-11-21 12:58:39.523,NULL,NULL,vm
757,27,105529,92,2017-11-21 13:00:41.387,NULL,NULL,na
758,27,105446,90,2017-11-21 13:00:44.370,NULL,NULL,bad english and he wanted us chat on whatsapp
759,27,105515,92,2017-11-21 13:02:03.713,NULL,NULL,vm
760,27,100726,92,2017-11-21 13:02:45.137,NULL,NULL,vm
761,27,100723,92,2017-11-21 13:04:19.827,NULL,NULL,na
762,27,100685,90,2017-11-21 13:06:17.247,NULL,NULL,p/u/h/u
763,27,100722,92,2017-11-21 13:06:34.573,NULL,NULL,na
764,27,100720,92,2017-11-21 13:08:02.823,NULL,NULL,na
765,27,100712,92,2017-11-21 13:10:29.200,NULL,NULL,vm
766,27,105242,92,2017-11-21 13:11:59.497,NULL,NULL,na
767,27,105240,92,2017-11-21 13:13:10.903,NULL,NULL,na
768,27,100707,90,2017-11-21 13:14:16.263,NULL,NULL,just open his account with ubank 250
769,27,105239,92,2017-11-21 13:14:29.700,NULL,NULL,na
770,27,105235,92,2017-11-21 13:16:37.780,NULL,NULL,na
771,27,105234,92,2017-11-21 13:19:00.547,NULL,NULL,"said he never reg. and is not interested in this, then just hung up "
772,27,100771,93,2017-11-21 13:20:15.593,NULL,NULL,"to cb tomorrow, never traded, wants to try with 500, thought that I am calling from IQ options"
773,27,105233,92,2017-11-21 13:22:22.533,NULL,NULL,na
774,27,100642,90,2017-11-21 13:23:00.797,NULL,NULL,na
775,27,105212,92,2017-11-21 13:24:04.767,NULL,NULL,na
776,27,100552,92,2017-11-21 13:25:18.860,NULL,NULL,na
777,27,100635,90,2017-11-21 13:26:26.643,NULL,NULL,na
778,27,100551,92,2017-11-21 13:26:42.987,NULL,NULL,na
779,27,100634,90,2017-11-21 13:29:03.940,NULL,NULL,na
780,27,100633,90,2017-11-21 13:29:55.300,NULL,NULL,switched off
781,27,100549,92,2017-11-21 13:30:21.267,NULL,NULL,na
782,27,105201,92,2017-11-21 13:38:22.427,NULL,NULL,"no exp, 18 yrs, student, 2k zar per month,  not sure if she can raise the amount, cb tmr to check with her"
783,27,100631,90,2017-11-21 13:38:42.320,NULL,NULL,na
784,27,100545,92,2017-11-21 13:40:04.837,NULL,NULL,vm
785,27,100542,92,2017-11-21 13:41:42.353,NULL,NULL,na
786,27,100573,93,2017-11-21 13:42:10.400,NULL,NULL,"doesnt speak english "
787,27,100531,92,2017-11-21 13:46:51.323,NULL,NULL,na
788,27,100540,92,2017-11-21 13:49:51.700,NULL,NULL,"again - a woman and didn't speak, very strange and I can't understand if this is a VM or not  "
789,27,100538,92,2017-11-21 13:51:19.027,NULL,NULL,na
790,27,100537,92,2017-11-21 13:51:56.123,NULL,NULL,vm
791,27,100535,92,2017-11-21 13:53:08.437,NULL,NULL,vm
792,27,105186,92,2017-11-21 13:54:15.873,NULL,NULL,vm
793,27,100531,92,2017-11-21 13:55:35.873,NULL,NULL,na
794,27,105175,92,2017-11-21 13:57:30.200,NULL,NULL,na
795,27,100489,93,2017-11-21 13:58:10.560,NULL,NULL,"said he lost 300 K , doesnt want to trade now, needs a brake ,call from time to time to chekc, told him my mother is serbian, he doesnt speak it he is from kosovo,
added on whatsapp "
796,27,105174,92,2017-11-21 14:10:31.727,NULL,NULL,"picked up and told me she can't speak now, cb again later
"
797,27,100518,92,2017-11-21 14:12:12.523,NULL,NULL,na
798,27,105167,92,2017-11-21 14:12:42.617,NULL,NULL,vm
799,27,100513,92,2017-11-21 14:14:06.023,NULL,NULL,na
800,27,100512,92,2017-11-21 14:14:39.133,NULL,NULL,rej
801,27,100508,92,2017-11-21 14:15:47.333,NULL,NULL,na
802,27,100482,93,2017-11-21 14:17:18.540,NULL,NULL,"trading with insta forex, satisfied with them, said providing him with everyhthing he needs, not willing to start with us at this stage, sent him email to see our offers"
803,27,105591,90,2017-11-21 14:18:07.057,NULL,NULL,na
804,27,105571,92,2017-11-21 14:18:16.853,NULL,NULL,na
805,27,105569,92,2017-11-21 14:18:58.480,NULL,NULL,vm
806,27,101821,90,2017-11-21 14:19:28.247,NULL,NULL,na
807,27,105546,92,2017-11-21 14:19:52.513,NULL,NULL,rej
808,27,100626,90,2017-11-21 14:23:19.670,NULL,NULL,h/u
809,27,100626,90,2017-11-21 14:24:23.630,NULL,NULL,h/u
811,27,100625,90,2017-11-21 14:26:12.757,NULL,NULL,na
812,27,105505,92,2017-11-21 14:26:56.993,NULL,NULL,na
813,27,100624,90,2017-11-21 14:27:29.557,NULL,NULL,na
814,27,105232,92,2017-11-21 14:29:18.823,NULL,NULL,na
815,27,105339,90,2017-11-21 14:29:27.040,NULL,NULL,na
816,27,100555,92,2017-11-21 14:32:08.667,NULL,NULL,"couldn't understand me "
817,27,105208,92,2017-11-21 14:34:56.527,NULL,NULL,doesn't want to speak to me
818,3,102671,90,2017-11-21 14:40:33.950,NULL,NULL,na
819,27,100459,93,2017-11-21 14:40:47.890,NULL,NULL,"going for a holiday, to cb after a month "
820,27,100541,92,2017-11-21 14:41:43.013,NULL,NULL,na
821,27,100525,92,2017-11-21 14:43:17.403,NULL,NULL,na
822,27,100439,93,2017-11-21 14:45:05.420,NULL,NULL,no language
823,27,100517,92,2017-11-21 14:45:06.000,NULL,NULL,na
824,27,100515,92,2017-11-21 14:46:10.657,NULL,NULL,na
825,27,100728,92,2017-11-21 14:47:33.967,NULL,NULL,doesn't have money to start
826,27,100728,92,2017-11-21 14:47:43.060,NULL,NULL,duplicate as well
827,27,105209,92,2017-11-21 14:49:49.217,NULL,NULL,na
828,27,100546,92,2017-11-21 14:50:02.607,NULL,NULL,na
829,27,100623,90,2017-11-21 14:50:40.830,NULL,NULL,na
830,27,100623,90,2017-11-21 14:51:12.253,NULL,NULL,na
831,27,100430,93,2017-11-21 14:51:13.503,NULL,NULL,"no english "
832,27,100543,92,2017-11-21 14:52:00.037,NULL,NULL,na
833,27,100528,92,2017-11-21 14:53:25.723,NULL,NULL,na
834,27,100523,92,2017-11-21 14:55:34.990,NULL,NULL,na
835,27,100766,90,2017-11-21 14:55:35.350,NULL,NULL,we created him an account and now her is not answering said he will fund his account using mcb juice
836,27,105322,90,2017-11-21 14:57:33.757,NULL,NULL,na
837,27,100394,93,2017-11-21 14:58:16.320,NULL,NULL,"saying we are mafia, doesnt want to hear about it, try calming him but doesnt want to listen, "
838,27,100786,92,2017-11-21 15:00:05.977,NULL,NULL,"was driving, interested, cb tmr to be online at 11"
839,27,100506,92,2017-11-21 15:01:34.087,NULL,NULL,vm
840,27,100622,90,2017-11-21 15:02:38.960,NULL,NULL,vm
841,27,100620,90,2017-11-21 15:03:58.633,NULL,NULL,na
842,27,100619,90,2017-11-21 15:05:54.573,NULL,NULL,"line went quiet and h/u "
843,27,105134,92,2017-11-21 15:06:12.477,NULL,NULL,na
844,27,105127,92,2017-11-21 15:07:21.087,NULL,NULL,na
845,27,100481,92,2017-11-21 15:08:54.620,NULL,NULL,na
846,27,100618,90,2017-11-21 15:15:03.107,NULL,NULL,"New to trading an engineer "
847,27,100466,92,2017-11-21 15:16:18.030,NULL,NULL,"very bad English - told me he is still learning the market and he is not going to start now, will start when he has read a lot"
848,27,105314,90,2017-11-21 15:17:17.500,NULL,NULL,na
849,27,100451,92,2017-11-21 15:17:22.653,NULL,NULL,vm
850,27,100450,92,2017-11-21 15:19:37.013,NULL,NULL,"hung up on me
"
851,27,100429,92,2017-11-21 15:21:25.357,NULL,NULL,na
852,27,100617,90,2017-11-21 15:21:33.907,NULL,NULL,h/u
853,27,100616,90,2017-11-21 15:22:53.233,NULL,NULL,na
854,27,100712,93,2017-11-21 15:24:04.767,NULL,NULL,na
855,27,105591,92,2017-11-21 15:26:57.780,NULL,NULL,"he is interested in the business but the connection was very poor, cb again tmr"
856,27,100709,93,2017-11-21 15:27:20.920,NULL,NULL,na
857,27,100614,90,2017-11-21 15:27:39.920,NULL,NULL,arabic
858,27,100612,90,2017-11-21 15:28:44.170,NULL,NULL,na
859,27,101821,92,2017-11-21 15:28:55.890,NULL,NULL,na
860,27,100612,90,2017-11-21 15:29:45.873,NULL,NULL,na
861,27,100611,90,2017-11-21 15:31:42.923,NULL,NULL,na
862,27,100707,93,2017-11-21 15:32:38.347,NULL,NULL,"friend will give him 2 hours lesson on saturday about trading, and he will get back to me immediately after, said he knows its risky business, cb monday to check "
863,27,100705,93,2017-11-21 15:34:23.080,NULL,NULL,na
864,27,105552,92,2017-11-21 15:35:03.847,NULL,NULL,vm
865,27,101288,92,2017-11-21 15:37:32.533,NULL,NULL,na
866,27,100703,93,2017-11-21 15:37:51.817,NULL,NULL,na
867,27,100609,90,2017-11-21 15:38:16.363,NULL,NULL,"New to trading  will have a computer "
868,27,105548,92,2017-11-21 15:38:45.783,NULL,NULL,na
869,27,100701,93,2017-11-21 15:40:03.503,NULL,NULL,"doesnt speak english, only arabic "
870,27,105547,92,2017-11-21 15:40:04.427,NULL,NULL,na
871,27,105559,92,2017-11-21 15:40:38.393,NULL,NULL,vm
872,27,100734,92,2017-11-21 15:42:06.080,NULL,NULL,na
873,27,100696,93,2017-11-21 15:43:59.300,NULL,NULL,na
874,27,105515,92,2017-11-21 15:44:11.707,NULL,NULL,na
875,27,100690,93,2017-11-21 15:47:10.863,NULL,NULL,"some women picking up, doesnt speak englsih "
876,27,100688,93,2017-11-21 15:52:40.347,NULL,NULL,na
877,27,100685,93,2017-11-21 15:53:17.757,NULL,NULL,na
878,27,100685,93,2017-11-21 15:54:28.913,NULL,NULL,again cut me off
879,27,100726,92,2017-11-21 15:54:38.130,NULL,NULL,vm
880,27,100684,93,2017-11-21 15:56:56.943,NULL,NULL,na
881,27,100720,92,2017-11-21 15:57:01.037,NULL,NULL,rej
882,27,100712,92,2017-11-21 15:57:42.680,NULL,NULL,vm
883,27,100723,92,2017-11-22 07:10:07.320,NULL,NULL,na
884,27,105197,92,2017-11-22 07:11:36.473,NULL,NULL,na
885,27,100752,93,2017-11-22 07:12:10.663,NULL,NULL,na
886,27,100750,93,2017-11-22 07:13:34.757,NULL,NULL,na
887,27,100749,93,2017-11-22 07:15:29.100,NULL,NULL,na
888,27,105587,92,2017-11-22 07:15:33.083,NULL,NULL,vm
889,27,100748,93,2017-11-22 07:17:18.020,NULL,NULL,na
890,27,100761,92,2017-11-22 07:17:43.163,NULL,NULL,na
891,27,105557,93,2017-11-22 07:18:20.880,NULL,NULL,na
892,27,105338,90,2017-11-22 07:18:26.880,NULL,NULL,vm
893,27,105571,92,2017-11-22 07:19:16.850,NULL,NULL,na
894,27,105555,93,2017-11-22 07:19:25.693,NULL,NULL,na
895,27,105554,93,2017-11-22 07:20:43.020,NULL,NULL,na
896,27,105552,92,2017-11-22 07:20:58.193,NULL,NULL,na
897,27,105550,92,2017-11-22 07:21:46.303,NULL,NULL,na
898,27,105547,92,2017-11-22 07:23:03.257,NULL,NULL,na
899,27,100734,92,2017-11-22 07:23:34.647,NULL,NULL,vm
900,27,105529,92,2017-11-22 07:24:38.223,NULL,NULL,na
901,27,105515,92,2017-11-22 07:25:54.927,NULL,NULL,"picked up, didn't speak, hung up"
902,27,105515,92,2017-11-22 07:27:10.693,NULL,NULL,"picked up and told me I've got the wrong number, then asked her who is she, she couldn't answer and said ""bye!"" and hung up"
903,27,100726,92,2017-11-22 07:27:53.663,NULL,NULL,vm
904,27,100711,93,2017-11-22 07:29:12.787,NULL,NULL,na
905,27,100723,92,2017-11-22 07:30:37.023,NULL,NULL,na
906,27,105552,93,2017-11-22 07:31:13.070,NULL,NULL,na
907,27,105320,90,2017-11-22 07:31:32.460,NULL,NULL,no tone
908,27,100720,92,2017-11-22 07:31:33.880,NULL,NULL,REJ
909,27,105319,90,2017-11-22 07:33:59.913,NULL,NULL,na
910,27,100712,92,2017-11-22 07:34:03.240,NULL,NULL,vm
911,27,105551,93,2017-11-22 07:34:12.600,NULL,NULL,na
912,27,105242,92,2017-11-22 07:35:34.897,NULL,NULL,na
913,27,101288,93,2017-11-22 07:36:49.693,NULL,NULL,na
914,27,105240,92,2017-11-22 07:36:54.617,NULL,NULL,rej
915,27,100613,90,2017-11-22 07:37:10.460,NULL,NULL,says its desmond
916,27,105239,92,2017-11-22 07:37:36.727,NULL,NULL,na
917,27,105547,93,2017-11-22 07:38:20.273,NULL,NULL,na
918,27,105235,92,2017-11-22 07:38:23.850,NULL,NULL,na
919,27,105233,92,2017-11-22 07:39:17.617,NULL,NULL,vm
920,27,105542,93,2017-11-22 07:39:42.507,NULL,NULL,na
921,27,105258,90,2017-11-22 07:39:49.850,NULL,NULL,vm
922,27,105232,92,2017-11-22 07:39:52.287,NULL,NULL,na
923,27,105212,92,2017-11-22 07:40:51.477,NULL,NULL,na
924,27,100552,92,2017-11-22 07:41:52.443,NULL,NULL,busy tone
925,27,105541,93,2017-11-22 07:42:22.553,NULL,NULL,na
926,27,100549,92,2017-11-22 07:43:04.257,NULL,NULL,na
927,27,105540,93,2017-11-22 07:43:13.070,NULL,NULL,na
928,27,100545,92,2017-11-22 07:43:37.727,NULL,NULL,vm
929,27,105250,90,2017-11-22 07:43:53.977,NULL,NULL,na
930,27,100542,92,2017-11-22 07:44:38.163,NULL,NULL,busy tone
931,27,105155,90,2017-11-22 07:44:47.397,NULL,NULL,service unavailable
932,27,105539,93,2017-11-22 07:45:02.990,NULL,NULL,"not interested at the moment, cut me off"
933,27,100540,92,2017-11-22 07:46:26.803,NULL,NULL,na
934,27,100538,92,2017-11-22 07:47:22.693,NULL,NULL,na
935,27,100537,92,2017-11-22 07:48:04.803,NULL,NULL,vm
936,27,100504,90,2017-11-22 07:49:51.337,NULL,NULL,na
937,27,100503,90,2017-11-22 08:01:42.320,NULL,NULL,"24 y.o not so good with english "
938,27,105186,92,2017-11-22 08:01:47.240,NULL,NULL,vm
939,27,100499,90,2017-11-22 08:04:31.537,NULL,NULL,na
940,27,100780,93,2017-11-22 08:05:54.320,NULL,NULL,"trading with FX, knows a lot about market, was with him online, on deposit page said using visa and hang up on me, not picking up after "
941,27,100498,90,2017-11-22 08:06:05.023,NULL,NULL,not available
942,27,105175,92,2017-11-22 08:06:11.570,NULL,NULL,na
943,27,100497,90,2017-11-22 08:07:04.193,NULL,NULL,na
944,27,100518,92,2017-11-22 08:07:07.587,NULL,NULL,na
945,27,100517,92,2017-11-22 08:10:02.803,NULL,NULL,na
946,27,100513,92,2017-11-22 08:24:43.883,NULL,NULL,"no exp, 46 yrs, maid, bad English, from the Philippines, making usd 400 per month, cb on Thursday"
947,27,100512,92,2017-11-22 08:26:22.850,NULL,NULL,busy tone
948,27,105598,90,2017-11-22 08:27:36.367,NULL,NULL,"said he invested 1000 with bitcoin and he doesnt have the funds to start his account now "
949,27,100509,92,2017-11-22 08:28:37.133,NULL,NULL,na
950,3,103039,90,2017-11-22 08:30:19.163,NULL,NULL,na
951,27,100508,92,2017-11-22 08:30:50.257,NULL,NULL,pu/hu
952,27,100506,92,2017-11-22 08:31:17.243,NULL,NULL,vm
953,27,100773,90,2017-11-22 08:31:18.100,NULL,NULL,na
954,27,105134,92,2017-11-22 08:31:26.460,NULL,NULL,na
955,27,105127,92,2017-11-22 08:32:52.053,NULL,NULL,na
956,27,100481,92,2017-11-22 08:35:04.993,NULL,NULL,na
957,27,100451,92,2017-11-22 08:38:15.413,NULL,NULL,he is 17 yrs old
958,27,100429,92,2017-11-22 08:39:16.007,NULL,NULL,na
959,27,103906,92,2017-11-22 08:40:28.727,NULL,NULL,no such person there
960,27,100351,92,2017-11-22 08:41:51.320,NULL,NULL,na
961,27,100772,90,2017-11-22 08:42:08.103,NULL,NULL,"on holiday in dubai and he tried funding is account was declined because of his card is from guinea will be back in 3 days and he will fix it and activate his account "
962,27,100745,92,2017-11-22 08:43:05.977,NULL,NULL,na
963,27,100444,92,2017-11-22 08:48:08.493,NULL,NULL,na
964,27,100415,92,2017-11-22 08:49:09.040,NULL,NULL,na
965,27,100232,92,2017-11-22 08:50:02.023,NULL,NULL,na
966,27,100217,92,2017-11-22 08:51:28.853,NULL,NULL,vm
967,27,105546,92,2017-11-22 08:52:28.523,NULL,NULL,vm
968,27,105505,92,2017-11-22 08:56:03.353,NULL,NULL,"very bad English, always telling me ""I am busy now"", doesn't want to make an app., he is not interested and doesn't want to speak to me, wasting my time "
969,27,105396,90,2017-11-22 08:56:16.320,NULL,NULL,"Knows a lot about the cryptocurrency but doesnt know how to trade it on the platform "
970,27,105197,92,2017-11-22 08:57:41.617,NULL,NULL,"picked up, stayed silent and then hung up"
971,27,100541,92,2017-11-22 09:09:34.527,NULL,NULL,picked up and was speaking to other people
972,27,100525,92,2017-11-22 09:10:51.947,NULL,NULL,busy tone
973,27,100782,93,2017-11-22 09:12:05.603,NULL,NULL,"zainteresovan je, sutra da se dogovorimo za pocetak, ima nasledstvo koje ceka do maja, sutra da mu pokazem nalog i da vidimo kolko ce da depozira, hoce karticu od kompanije "
974,27,100521,92,2017-11-22 09:12:20.120,NULL,NULL,na
975,27,100520,92,2017-11-22 09:19:09.010,NULL,NULL,the same thing happened - answering my questions really adequately but then the record plays the same thing over and over again...
976,27,105342,90,2017-11-22 09:20:44.010,NULL,NULL,na
977,27,100786,92,2017-11-22 09:20:48.337,NULL,NULL,na on the app
978,27,100515,92,2017-11-22 09:22:22.150,NULL,NULL,na
979,27,100783,93,2017-11-22 09:23:19.633,NULL,NULL,"said interested, sent email, said has other guys that are interested, doing reaserch on 3 other companies as well"
980,27,100450,92,2017-11-22 09:23:44.370,NULL,NULL,na
981,27,100783,93,2017-11-22 09:24:20.837,NULL,NULL,"did his research, wants to start with us, by the end of week, thursday / friday , said 895"
982,27,105584,92,2017-11-22 09:25:13.870,NULL,NULL,na
983,27,105320,90,2017-11-22 09:25:23.290,NULL,NULL,"said she will be able to start in march and will be glad if i call her back then "
984,27,100717,92,2017-11-22 09:26:47.400,NULL,NULL,na
985,27,100714,92,2017-11-22 09:28:50.730,NULL,NULL,"actually ""no speak English"""
986,27,100772,93,2017-11-22 09:30:20.697,NULL,NULL,na
987,27,105216,92,2017-11-22 09:30:46.980,NULL,NULL,na
988,27,105145,90,2017-11-22 09:31:33.603,NULL,NULL,"said someone called him and said he will be activating his account with xtrade "
989,27,100557,92,2017-11-22 09:33:40.823,NULL,NULL,na
990,27,100532,92,2017-11-22 09:35:27.587,NULL,NULL,rej
991,27,105174,92,2017-11-22 09:36:10.680,NULL,NULL,vm
992,27,100776,93,2017-11-22 09:38:11.587,NULL,NULL,"doesnt speak english "
993,27,100744,92,2017-11-22 09:45:06.683,NULL,NULL,na
994,27,100756,93,2017-11-22 09:46:20.667,NULL,NULL,na 2x
995,27,100730,92,2017-11-22 09:47:34.650,NULL,NULL,na
996,27,100754,93,2017-11-22 09:47:59.323,NULL,NULL,na 2x
997,27,105236,92,2017-11-22 09:49:15.323,NULL,NULL,na
998,27,100742,93,2017-11-22 09:50:06.683,NULL,NULL,na
999,27,100555,92,2017-11-22 09:50:10.090,NULL,NULL,na
1000,27,105197,92,2017-11-22 09:51:50.870,NULL,NULL,same thing - staying silent on the phone
1001,27,100541,92,2017-11-22 09:52:55.540,NULL,NULL,rej
1002,27,100525,92,2017-11-22 09:54:23.277,NULL,NULL,na
1003,27,100495,90,2017-11-22 09:56:22.290,NULL,NULL,na
1004,27,105591,92,2017-11-22 09:56:54.510,NULL,NULL,na
1005,27,100609,90,2017-11-22 10:00:20.290,NULL,NULL,"vlad's client "
1006,27,100494,90,2017-11-22 10:00:36.433,NULL,NULL,na
1007,27,100712,93,2017-11-22 10:00:39.167,NULL,NULL,na 2x
1008,27,100493,90,2017-11-22 10:02:09.387,NULL,NULL,na
1009,27,105141,90,2017-11-22 10:03:13.043,NULL,NULL,"service unavailable "
1010,27,100711,93,2017-11-22 10:03:45.713,NULL,NULL,"said "" stop calling, I am sure its a scam, you are a fourth person calling since the morning, jesus chirst "" and cut me off"
1011,27,100492,90,2017-11-22 10:06:19.777,NULL,NULL,na
1012,27,105138,90,2017-11-22 10:10:03.040,NULL,NULL,na
1013,27,100709,93,2017-11-22 10:10:27.480,NULL,NULL,na 2x
1014,27,100786,92,2017-11-22 10:18:45.260,NULL,NULL,"no exp, 35 yrs, admin clerk, no money to start now, can do it in February "
1015,27,100487,90,2017-11-22 10:20:58.103,NULL,NULL,na
1016,27,100523,92,2017-11-22 10:22:04.480,NULL,NULL,na
1017,27,100781,90,2017-11-22 10:22:30.947,NULL,NULL,na
1018,27,100785,90,2017-11-22 10:23:23.853,NULL,NULL,switched off
1019,27,100486,90,2017-11-22 10:26:33.760,NULL,NULL,p/u/s/q
1020,27,105212,92,2017-11-22 10:27:57.933,NULL,NULL,na
1021,27,100484,90,2017-11-22 10:28:30.870,NULL,NULL,na
1022,27,100557,92,2017-11-22 10:29:12.700,NULL,NULL,na
1023,27,105216,92,2017-11-22 10:30:23.997,NULL,NULL,na
1024,27,105232,92,2017-11-22 10:31:47.057,NULL,NULL,na
1025,27,105233,92,2017-11-22 10:32:55.950,NULL,NULL,vm
1026,27,105112,90,2017-11-22 10:33:06.683,NULL,NULL,na
1027,27,100454,90,2017-11-22 10:34:11.010,NULL,NULL,na
1028,27,105235,92,2017-11-22 10:34:11.823,NULL,NULL,vm
1029,27,105236,92,2017-11-22 10:35:58.777,NULL,NULL,na
1030,27,100453,90,2017-11-22 10:36:04.840,NULL,NULL,"na "
1031,27,100710,93,2017-11-22 10:37:19.120,NULL,NULL,"not serious, just repeating to cb again and again, "
1032,27,105239,92,2017-11-22 10:37:31.043,NULL,NULL,na
1033,27,105240,92,2017-11-22 10:38:26.980,NULL,NULL,busy tone
1034,27,105242,92,2017-11-22 10:39:28.917,NULL,NULL,vm
1035,27,100712,92,2017-11-22 10:40:02.963,NULL,NULL,vm
1036,27,105468,93,2017-11-22 10:42:05.573,NULL,NULL,na 2x
1037,27,100703,93,2017-11-22 10:43:07.980,NULL,NULL,na
1038,27,100525,92,2017-11-22 10:44:10.510,NULL,NULL,"bad English, when I started talking about money, he stopped speaking and hung up"
1039,27,100701,93,2017-11-22 10:45:02.387,NULL,NULL,"only arabic, no english "
1040,27,100531,92,2017-11-22 10:45:51.107,NULL,NULL,"busy, told me not interested, will call again"
1041,27,105105,90,2017-11-22 10:46:28.857,NULL,NULL,"interested in trading because her friend from kenya introduced her to trading "
1042,27,105464,93,2017-11-22 10:47:15.653,NULL,NULL,na
1043,27,100699,93,2017-11-22 10:47:38.963,NULL,NULL,na
1044,27,105462,93,2017-11-22 10:48:41.260,NULL,NULL,na
1045,27,105186,92,2017-11-22 10:49:25.607,NULL,NULL,vm
1046,27,100690,93,2017-11-22 10:49:41.950,NULL,NULL,na
1047,27,100535,92,2017-11-22 10:50:01.950,NULL,NULL,vm
1048,27,100696,93,2017-11-22 10:50:05.340,NULL,NULL,na
1049,27,100537,92,2017-11-22 10:50:44.903,NULL,NULL,vm
1050,27,100538,92,2017-11-22 10:51:57.573,NULL,NULL,na
1051,27,105458,93,2017-11-22 10:51:58.010,NULL,NULL,na
1052,27,105457,93,2017-11-22 10:52:37.200,NULL,NULL,na
1053,27,100540,92,2017-11-22 10:53:20.230,NULL,NULL,na
1054,27,100690,93,2017-11-22 10:54:34.620,NULL,NULL,"doesnt speak english "
1055,27,100542,92,2017-11-22 10:54:35.010,NULL,NULL,same
1056,27,100690,93,2017-11-22 10:54:55.323,NULL,NULL,"doesnt speak english "
1057,27,100435,90,2017-11-22 10:55:14.810,NULL,NULL,vm
1058,27,100545,92,2017-11-22 10:55:17.560,NULL,NULL,"not in service "
1059,27,100549,92,2017-11-22 10:57:20.763,NULL,NULL,na
1060,27,100428,90,2017-11-22 10:58:00.200,NULL,NULL,vm
1061,27,105454,93,2017-11-22 10:58:14.857,NULL,NULL,na
1062,27,105452,93,2017-11-22 10:59:21.607,NULL,NULL,na
1063,27,100681,93,2017-11-22 12:00:51.887,NULL,NULL,na
1064,27,100551,92,2017-11-22 12:01:33.527,NULL,NULL,vm
1065,27,100552,92,2017-11-22 12:04:04.247,NULL,NULL,same
1066,27,100427,90,2017-11-22 12:07:52.623,NULL,NULL,na
1067,27,100555,92,2017-11-22 12:08:11.513,NULL,NULL,"very bad con., no exp, said he doesn't have a visa or mc, connection broke and then I didn't get another answer"
1068,27,105085,90,2017-11-22 12:09:39.247,NULL,NULL,na
1069,27,100420,90,2017-11-22 12:11:31.387,NULL,NULL,service unavailable
1070,27,100512,92,2017-11-22 12:13:39.200,NULL,NULL,same
1071,27,100771,93,2017-11-22 12:14:02.123,NULL,NULL,"to cb tomorrow, never traded, wants to try with 500, thought that I am calling from IQ options"
1072,27,100771,93,2017-11-22 12:14:54.780,NULL,NULL,"visa card, wants to start with $ 500, will be ready with card at around 2pm , today at work, card is at home, has bitcoin wallet online (was asking for making transaction with it) "
1073,27,100515,92,2017-11-22 12:15:18.623,NULL,NULL,terrible connection
1074,27,105167,92,2017-11-22 12:15:53.123,NULL,NULL,vm
1075,27,100517,92,2017-11-22 12:17:32.467,NULL,NULL,na
1076,27,100684,93,2017-11-22 12:18:30.827,NULL,NULL,"no language / arabic only "
1077,27,100518,92,2017-11-22 12:20:41.403,NULL,NULL,na
1078,27,105175,92,2017-11-22 12:22:12.093,NULL,NULL,vm
1079,27,100232,92,2017-11-22 12:24:03.887,NULL,NULL,na
1080,27,100682,93,2017-11-22 12:24:57.060,NULL,NULL,"said will be ready after 2 months, shy guy, wants to study it first , check him up once a week "
1081,27,100351,92,2017-11-22 12:25:46.280,NULL,NULL,na
1082,27,100415,92,2017-11-22 12:26:43.233,NULL,NULL,na
1083,27,100779,92,2017-11-22 12:29:42.827,NULL,NULL,bad connection
1084,27,100761,93,2017-11-22 12:35:02.717,NULL,NULL,na
1085,27,100759,93,2017-11-22 12:37:08.670,NULL,NULL,"na, wrong email, number not in use"
1086,27,100756,93,2017-11-22 12:38:40.780,NULL,NULL,na 3x
1087,27,100778,92,2017-11-22 12:41:39.920,NULL,NULL,"he was driving, cb in 2 hrs"
1088,27,100776,92,2017-11-22 12:42:21.437,NULL,NULL,vm
1089,27,105050,90,2017-11-22 12:42:38.467,NULL,NULL,vm
1090,27,100775,92,2017-11-22 12:43:37.513,NULL,NULL,hung up on me
1091,27,100773,92,2017-11-22 12:45:04.827,NULL,NULL,na
1092,27,100772,92,2017-11-22 12:46:26.623,NULL,NULL,na
1093,27,100752,92,2017-11-22 12:47:45.403,NULL,NULL,doesn't speak English
1094,27,100750,92,2017-11-22 12:48:27.607,NULL,NULL,na
1095,27,100699,92,2017-11-22 12:49:09.310,NULL,NULL,na
1096,27,100695,92,2017-11-22 12:50:20.873,NULL,NULL,no such number
1097,27,100754,93,2017-11-22 12:51:03.170,NULL,NULL,"spoke, added on whatsapp now, not really good english, lets seee"
1098,27,100642,92,2017-11-22 12:51:17.327,NULL,NULL,na
1099,27,100624,92,2017-11-22 12:53:04.983,NULL,NULL,na
1100,27,100429,92,2017-11-22 12:59:23.000,NULL,NULL,na
1101,27,100323,92,2017-11-22 13:00:32.280,NULL,NULL,na
1102,27,100311,92,2017-11-22 13:04:33.843,NULL,NULL,"presently trading with xm, cms and 24 trade, doesn't want to trade with us"
1103,27,100277,90,2017-11-22 13:05:54.937,NULL,NULL,someone picks up n said he is not there
1104,27,100273,90,2017-11-22 13:08:04.233,NULL,NULL,vm
1105,27,100272,90,2017-11-22 13:10:24.983,NULL,NULL,"no tone "
1106,27,100310,92,2017-11-22 13:13:25.657,NULL,NULL,doesn't speak English
1107,27,100309,92,2017-11-22 13:14:11.013,NULL,NULL,na
1108,27,100754,93,2017-11-22 13:14:48.343,NULL,NULL,"sent him how to make wire transfer, said will do it tomorrow , lets seeeee"
1109,27,100309,92,2017-11-22 13:15:02.483,NULL,NULL,"busy, tmr busy as well, cb on Friday"
1110,27,100742,93,2017-11-22 13:35:04.890,NULL,NULL,na 2x
1111,27,100712,93,2017-11-22 13:35:47.327,NULL,NULL,na 3x
1112,27,100709,93,2017-11-22 13:37:13.547,NULL,NULL,na 3x
1113,27,100787,92,2017-11-22 13:37:47.827,NULL,NULL,na
1114,27,100705,93,2017-11-22 13:40:16.737,NULL,NULL,na2x
1115,27,100703,93,2017-11-22 13:41:48.237,NULL,NULL,na 2x
1116,27,100696,93,2017-11-22 13:44:30.830,NULL,NULL,na 2x
1117,27,100450,92,2017-11-22 13:44:34.393,NULL,NULL,na
1118,27,100688,93,2017-11-22 13:45:31.300,NULL,NULL,na 2x
1119,27,105127,92,2017-11-22 13:45:34.063,NULL,NULL,na
1120,27,100267,90,2017-11-22 13:47:01.113,NULL,NULL,switched off
1121,27,100681,93,2017-11-22 13:48:01.740,NULL,NULL,na 2x
1122,27,100679,93,2017-11-22 13:49:18.240,NULL,NULL,"na 2x "
1123,27,105134,92,2017-11-22 13:49:21.740,NULL,NULL,hung up on me in the middle of the conv. and then pu/hu
1124,27,100506,92,2017-11-22 13:51:15.550,NULL,NULL,na
1125,27,100508,92,2017-11-22 13:54:08.240,NULL,NULL,na
1126,27,105201,92,2017-11-22 13:57:29.607,NULL,NULL,doesn't have the money to get started and doesn't know when
1127,27,100674,93,2017-11-22 13:58:03.547,NULL,NULL,"picked up, sounded interested, asked question what should use to log in, will do it from his samsung ned 3,  cb at 10 am Qatar time, at work now, saying cannot talk a lot, will have more time in the morning "
1128,27,105605,92,2017-11-22 14:10:59.413,NULL,NULL,na
1129,27,100789,92,2017-11-22 14:12:00.227,NULL,NULL,vm
1130,27,100778,92,2017-11-22 14:14:26.840,NULL,NULL,na
1131,27,100749,92,2017-11-22 14:15:48.793,NULL,NULL,na
1132,27,100737,92,2017-11-22 14:17:51.823,NULL,NULL,na
1133,27,100673,93,2017-11-22 14:18:21.260,NULL,NULL,"said he is interested, sent him link for videos, wants to watch them and we will talk more about trading, next time to check up and explain basic, said that is collecting 500 for a start, lets see , check back monday "
1134,27,100731,92,2017-11-22 14:19:15.263,NULL,NULL,na
1135,27,100672,93,2017-11-22 14:20:15.577,NULL,NULL,na
1136,27,100280,90,2017-11-22 14:20:27.530,NULL,NULL,"said he wants to go check on the website also check our demo out but told him we dont offer demo "
1137,27,100671,93,2017-11-22 14:21:17.797,NULL,NULL,na
1138,27,100730,92,2017-11-22 14:23:11.330,NULL,NULL,"he speaks English very little, can't understand me, originally from Bangladesh "
1139,27,100284,90,2017-11-22 14:23:36.173,NULL,NULL,arabic
1140,27,100668,93,2017-11-22 14:25:21.143,NULL,NULL,"said not interested, doesnt need money, playing games "
1141,27,100394,90,2017-11-22 14:25:43.360,NULL,NULL,na
1142,27,100666,93,2017-11-22 14:26:30.407,NULL,NULL,na
1143,27,100665,93,2017-11-22 14:28:17.190,NULL,NULL,"no english, only hindu "
1145,27,100663,93,2017-11-22 14:29:33.287,NULL,NULL,na
1146,27,100484,90,2017-11-22 14:29:49.113,NULL,NULL,na
1147,27,100722,92,2017-11-22 14:30:33.740,NULL,NULL,na
1148,27,100661,93,2017-11-22 14:31:04.070,NULL,NULL,na
1149,27,100719,92,2017-11-22 14:31:45.163,NULL,NULL,na
1150,27,100779,92,2017-11-22 14:33:52.163,NULL,NULL,"can't hear me, always saying ""hello, hello"""
1151,27,100776,92,2017-11-22 14:34:46.243,NULL,NULL,vm
1152,27,100775,92,2017-11-22 14:35:41.323,NULL,NULL,na
1153,27,100773,92,2017-11-22 14:36:43.823,NULL,NULL,na
1154,27,100583,90,2017-11-22 14:37:35.510,NULL,NULL,telling me to give him a loan
1155,27,100772,92,2017-11-22 14:38:02.290,NULL,NULL,na
1156,27,100749,92,2017-11-22 14:38:52.453,NULL,NULL,vm
1157,27,100744,92,2017-11-22 14:40:24.140,NULL,NULL,na
1158,27,100741,92,2017-11-22 14:41:32.593,NULL,NULL,na
1159,27,100734,92,2017-11-22 14:42:54.907,NULL,NULL,"na
"
1160,27,100733,92,2017-11-22 14:44:10.017,NULL,NULL,na
1161,27,100670,90,2017-11-22 14:45:08.750,NULL,NULL,na
1162,27,100732,92,2017-11-22 14:45:26.873,NULL,NULL,doesn't speak English
1163,27,100731,92,2017-11-22 14:46:39.170,NULL,NULL,na
1164,27,100785,90,2017-11-22 14:46:46.483,NULL,NULL,switched off
1165,27,100726,92,2017-11-22 14:47:40.610,NULL,NULL,na
1166,27,100781,90,2017-11-22 14:48:57.953,NULL,NULL,na
1167,27,100773,90,2017-11-22 14:50:13.033,NULL,NULL,"na "
1168,27,100721,92,2017-11-22 14:50:43.627,NULL,NULL,no English
1169,27,100720,92,2017-11-22 14:51:52.300,NULL,NULL,na
1170,27,100737,90,2017-11-22 14:52:24.410,NULL,NULL,na
1171,27,100716,92,2017-11-22 14:53:17.427,NULL,NULL,na
1172,27,100699,92,2017-11-22 14:54:20.303,NULL,NULL,na
1173,27,100553,92,2017-11-22 14:55:28.693,NULL,NULL,na
1174,27,105533,90,2017-11-22 14:55:33.587,NULL,NULL,na
1175,27,100510,92,2017-11-22 14:56:15.447,NULL,NULL,vm
1176,27,100789,92,2017-11-22 14:58:36.920,NULL,NULL,vm
1177,27,100787,92,2017-11-22 15:00:20.870,NULL,NULL,na
1178,27,100744,92,2017-11-22 15:02:23.900,NULL,NULL,na
1179,27,105571,92,2017-11-22 15:03:32.717,NULL,NULL,na
1180,27,105570,92,2017-11-22 15:05:05.467,NULL,NULL,na
1181,27,100659,93,2017-11-22 15:07:36.030,NULL,NULL,"he is 16, wants to trade, will ask for help from his parents , sent him bank transfer details, cb around 17h"
1182,27,105552,92,2017-11-22 15:08:04.343,NULL,NULL,na
1183,27,105547,92,2017-11-22 15:09:14.030,NULL,NULL,rej
1184,27,105546,92,2017-11-22 15:10:16.733,NULL,NULL,na
1185,27,105559,92,2017-11-22 15:11:12.687,NULL,NULL,na
1186,27,105520,90,2017-11-22 15:11:58.873,NULL,NULL,"She will invest but doesnt have an account "
1187,27,100656,93,2017-11-22 15:12:46.657,NULL,NULL,pu/hu
1188,27,100734,92,2017-11-22 15:13:32.953,NULL,NULL,na
1189,27,100726,92,2017-11-22 15:14:47.063,NULL,NULL,vm
1190,27,100722,92,2017-11-22 15:16:08.250,NULL,NULL,na
1191,27,100720,92,2017-11-22 15:17:49.627,NULL,NULL,na
1192,27,100717,92,2017-11-22 15:18:55.750,NULL,NULL,na
1193,27,100712,92,2017-11-22 15:19:40.953,NULL,NULL,vm
1194,27,105450,90,2017-11-22 15:22:58.330,NULL,NULL,na
1195,27,105242,92,2017-11-22 15:23:21.017,NULL,NULL,na
1196,27,105240,92,2017-11-22 15:25:12.767,NULL,NULL,na
1197,27,100677,90,2017-11-22 15:25:37.987,NULL,NULL,vm
1198,27,100649,93,2017-11-22 15:26:20.127,NULL,NULL,"send him details for bank tranfer, didnt say anyting when and what , cannot really speak english "
1199,27,100675,90,2017-11-22 15:26:39.923,NULL,NULL,not available
1200,27,105239,92,2017-11-22 15:29:29.940,NULL,NULL,na
1201,27,105236,92,2017-11-22 15:30:33.867,NULL,NULL,na
1202,27,105235,92,2017-11-22 15:32:14.150,NULL,NULL,na
1203,27,105233,92,2017-11-22 15:33:30.197,NULL,NULL,na
1204,27,100674,90,2017-11-22 15:33:54.167,NULL,NULL,"at work cant do anything till 10 o'clock and he or i call him on Thursday "
1205,27,105216,92,2017-11-22 15:37:37.937,NULL,NULL,na
1206,27,100557,92,2017-11-22 15:38:53.327,NULL,NULL,na
1207,27,105212,92,2017-11-22 15:40:51.017,NULL,NULL,na
1208,27,100555,92,2017-11-22 15:43:34.380,NULL,NULL,picked up and stayed silent
1209,27,100552,92,2017-11-22 15:45:35.037,NULL,NULL,na
1210,27,100551,92,2017-11-22 15:46:44.850,NULL,NULL,vm
1211,27,100673,90,2017-11-22 15:47:18.353,NULL,NULL,vlad
1212,27,100668,90,2017-11-22 15:48:15.357,NULL,NULL,"not available "
1213,27,100549,92,2017-11-22 15:48:30.467,NULL,NULL,"said that this is him and then hung up, didn't pick up after"
1214,27,100545,92,2017-11-22 15:49:38.173,NULL,NULL,same
1215,27,105420,90,2017-11-22 15:50:09.140,NULL,NULL,na
1216,27,100542,92,2017-11-22 15:50:22.907,NULL,NULL,rej
1217,27,100540,92,2017-11-22 15:52:28.330,NULL,NULL,na
1218,27,100538,92,2017-11-22 15:54:19.813,NULL,NULL,na
1219,27,100537,92,2017-11-22 15:54:57.250,NULL,NULL,vm
1220,27,100535,92,2017-11-22 15:55:58.643,NULL,NULL,na
1221,27,100517,92,2017-11-22 15:58:33.430,NULL,NULL,na
1222,27,100742,93,2017-11-23 07:02:18.240,NULL,NULL,"picked up, talked, hang up in middle of convesation on purpose , not answering after "
1223,27,105605,92,2017-11-23 07:06:26.277,NULL,NULL,"bad connection, couldn't hear him well, bad English, cb again "
1224,27,100789,92,2017-11-23 07:06:57.963,NULL,NULL,vm
1225,27,100761,93,2017-11-23 07:07:47.307,NULL,NULL,"not relevant, doesnt speak english "
1226,27,100787,92,2017-11-23 07:08:37.590,NULL,NULL,na
1227,27,100756,93,2017-11-23 07:09:29.823,NULL,NULL,na 4x
1228,27,105587,92,2017-11-23 07:10:30.933,NULL,NULL,doesn't speak English
1229,27,100761,92,2017-11-23 07:11:36.620,NULL,NULL,"pu/hu "
1230,27,105584,92,2017-11-23 07:13:12.463,NULL,NULL,pu/hu
1231,27,100712,93,2017-11-23 07:13:53.603,NULL,NULL,na 4x
1232,27,105584,92,2017-11-23 07:13:55.167,NULL,NULL,didn't pick up after that
1233,27,105582,92,2017-11-23 07:14:37.497,NULL,NULL,rej
1234,27,100709,93,2017-11-23 07:15:21.230,NULL,NULL,na 4x
1235,27,100745,92,2017-11-23 07:15:39.167,NULL,NULL,na
1236,27,100705,93,2017-11-23 07:16:22.653,NULL,NULL,na 3x
1237,27,100744,92,2017-11-23 07:16:43.340,NULL,NULL,na
1238,27,100703,93,2017-11-23 07:17:28.700,NULL,NULL,na 3x
1239,27,100696,93,2017-11-23 07:18:17.123,NULL,NULL,na 3x
1240,27,105571,92,2017-11-23 07:18:25.527,NULL,NULL,na
1241,27,105552,92,2017-11-23 07:19:47.240,NULL,NULL,rej
1242,27,105550,92,2017-11-23 07:20:35.537,NULL,NULL,na
1243,27,105547,92,2017-11-23 07:22:16.867,NULL,NULL,rej
1244,27,100688,93,2017-11-23 07:22:53.493,NULL,NULL,"spoke, asked about training , explained her everything , when came about depositing , hang up in middle of conversation "
1245,27,105546,92,2017-11-23 07:23:24.353,NULL,NULL,na
1246,27,100734,92,2017-11-23 07:24:43.620,NULL,NULL,na
1247,27,100681,93,2017-11-23 07:25:36.040,NULL,NULL,na 3x
1248,27,105529,92,2017-11-23 07:25:36.150,NULL,NULL,na
1249,27,100726,92,2017-11-23 07:26:09.307,NULL,NULL,vm
1250,27,100679,93,2017-11-23 07:27:10.027,NULL,NULL,na 3x
1251,27,100723,92,2017-11-23 07:27:16.450,NULL,NULL,na
1252,27,100672,93,2017-11-23 07:35:23.923,NULL,NULL,"extremly bad englsih , said to start in december with 1000 riayls, just saying ok ok ok , she is 38 yo"
1253,27,100671,93,2017-11-23 07:37:48.047,NULL,NULL,na 2x
1254,27,100667,93,2017-11-23 07:38:56.893,NULL,NULL,na 2x
1255,27,100666,93,2017-11-23 07:43:47.770,NULL,NULL,"saying had problem with computer, lying, resend him email, doesnt know about the company, said never registerred "
1256,27,100663,93,2017-11-23 07:47:20.740,NULL,NULL,na 2x
1257,27,100822,90,2017-11-23 08:06:25.803,90,2017-11-23 08:14:40.010,"On the deposit page he was getting error messages 66 y.o "
1258,27,100661,93,2017-11-23 08:07:27.757,NULL,NULL,"
no exp, master card, no money on card, sent her email, when get salary to text me to get her start
"
1259,27,100650,93,2017-11-23 08:14:12.887,NULL,NULL,na 2x
1260,27,100648,93,2017-11-23 08:16:02.277,NULL,NULL,"doesnt speak english "
1261,27,100646,93,2017-11-23 08:18:25.137,NULL,NULL,na
1262,27,100641,93,2017-11-23 08:19:29.840,NULL,NULL,na
1263,27,100838,90,2017-11-23 08:22:20.030,NULL,NULL,na
1264,27,100837,92,2017-11-23 08:25:31.937,NULL,NULL,"no exo, 40 yrs, nice guy, trading with demos, wants to start with 10k usd, will cb next week"
1265,27,105642,92,2017-11-23 08:31:18.600,NULL,NULL,na
1266,27,100628,93,2017-11-23 08:35:36.180,NULL,NULL,"said interested, wants to trade, was asking for documents, 
Vlad Andersen 11/20/2017 4:24 PM
"
1267,27,100820,92,2017-11-23 08:36:45.007,NULL,NULL,"no exp, interested in signals, cb at 5 to be online"
1268,27,105636,92,2017-11-23 08:39:44.140,NULL,NULL,vm
1269,27,100811,92,2017-11-23 08:42:00.080,NULL,NULL,na
1270,27,100628,93,2017-11-23 08:42:09.470,NULL,NULL,na
1271,27,100819,90,2017-11-23 08:42:24.330,NULL,NULL,"doesnt speak good english "
1272,27,100640,93,2017-11-23 08:49:20.293,NULL,NULL,na
1273,27,105628,90,2017-11-23 08:52:18.237,NULL,NULL,"vm "
1274,27,100639,93,2017-11-23 08:52:33.237,NULL,NULL,na 2x
1275,27,100638,93,2017-11-23 08:54:12.927,NULL,NULL,na 2x
1276,27,100674,93,2017-11-23 09:08:50.993,NULL,NULL,na
1277,27,100636,93,2017-11-23 09:11:16.213,NULL,NULL,na 2x
1278,27,100635,93,2017-11-23 09:13:07.230,NULL,NULL,na 2x
1279,27,100634,93,2017-11-23 09:14:40.357,NULL,NULL,na 2x
1280,27,100797,90,2017-11-23 09:14:51.920,NULL,NULL,10 years experience in trading and he is a fundamental trader wants to learn how to trade technically and also he wants to see performance of our signals
1281,27,100633,93,2017-11-23 09:16:37.513,NULL,NULL,na 2x
1282,27,100631,93,2017-11-23 09:17:34.140,NULL,NULL,na 2x
1283,27,100331,93,2017-11-23 09:28:20.183,NULL,NULL,"not even a converstation , reminded him that I sent an email to log in on acc"
1284,27,100629,93,2017-11-23 09:28:36.510,NULL,NULL,na 2x
1285,27,100628,93,2017-11-23 09:29:24.230,NULL,NULL,na 2x
1286,27,100627,93,2017-11-23 09:30:45.883,NULL,NULL,"na 2x "
1287,27,100626,93,2017-11-23 09:35:45.043,NULL,NULL,na 2x
1288,27,100625,93,2017-11-23 09:38:34.873,NULL,NULL,2x
1289,27,100603,93,2017-11-23 09:50:35.127,NULL,NULL,na 2x
1290,27,100809,92,2017-11-23 09:55:13.523,NULL,NULL,"trading on the Indian stock market, 40k invested there, wants to start with 2-3k here in the first week of Dec., saw the platform, cb again next week"
1291,27,100805,92,2017-11-23 09:58:06.573,NULL,NULL,na
1292,27,100783,93,2017-11-23 10:01:10.963,NULL,NULL,"Friday , will be ready to start, cb btw 10 - 11 am, "
1293,27,100802,92,2017-11-23 10:01:20.167,NULL,NULL,na
1294,27,100801,90,2017-11-23 10:03:24.887,90,2017-11-23 10:03:47.980,Said he need to transfer fund from one of his account to another also he wants to trade some equities and trade like he trades options platform he will do his analysis himself  he is talking 10k to trade but will start with 5k
1295,27,100799,92,2017-11-23 10:09:03.737,NULL,NULL,"6 monthstrading with xm, made a loss, interested, not online now, cb again at 5.30"
1296,27,105619,90,2017-11-23 10:09:13.033,NULL,NULL,not a good line added him on whatsapp
1297,27,100681,93,2017-11-23 10:11:04.737,NULL,NULL,"sorry for the missed calls, waiting for salary, said will deposit when gets it, check back in few days "
